constructorId,year,diffPCT,Z_Score,robustZ,color,edgecolor,rankPCT,rankZScore,rankRobustZ
minardi,1985,40.19973696882073,2.388778142232801,3.731341828507862,skyblue,grey,938,926,924
aston-butterworth,1952,34.93605194510723,2.304481840279666,1.2263468354119913,gray,black,937,924,818
alta,1951,32.84684606660004,1.8994523817255784,1.5714199609082378,gray,black,936,913,844
de-tomaso,1963,26.530266028696662,3.787977677487753,6.187719576067895,gray,black,935,937,936
maki,1976,24.246819758738482,4.687676356576074,22.059815427587466,gray,black,934,938,938
heck,1953,23.61432112906909,1.8347183302792291,1.8321273821243684,gray,black,933,909,871
kurtis-kraft,1959,23.11122790490195,1.94172444600102,4.565783602610798,gray,black,932,915,928
coloni,1989,23.000244442994795,1.5268182758350144,1.221237056931108,gray,black,931,891,816
cooper,1955,21.89049035630589,3.4346216606191398,4.364351973083851,gray,black,930,934,927
enb,1962,21.13479383471023,1.3558076326907393,1.5978710980958455,gray,black,929,867,849
stebro,1963,19.9005833987788,2.8862183314935366,5.038842732560446,gray,black,928,930,932
simca-gordini,1953,19.38420660354291,1.8035152814920403,2.233169726087573,gray,black,927,907,889
de-tomaso,1962,17.792310054496365,0.061062874173045845,4.991231620126805,gray,black,926,584,931
greifzu,1953,17.762370478852354,0.973378464628391,0.992601649584351,gray,black,925,807,792
veritas,1953,17.59937649554384,0.8525582407217012,1.3071248228863803,gray,black,924,788,824
tec-mec,1959,17.33345012712417,1.196850148719324,3.216802083657608,gray,black,923,843,914
scirocco,1964,17.2681803262992,3.2487959068908507,4.339609742361343,gray,black,922,931,926
maserati,1951,17.204944863581368,0.7624222514863401,0.6637845569452206,gray,black,921,766,727
osca,1951,16.84223944098747,0.8586103270843691,0.47696132277273523,gray,black,920,789,690
lola,1968,16.718037495815455,1.2076247225572552,0.9717534395551978,gray,black,919,845,789
emw,1953,16.31188698435419,0.7598839680140806,0.78451407485221,gray,black,918,763,757
veritas,1951,15.482642707555469,0.8087592740584079,0.5781349366942244,gray,black,917,775,712
hwm,1955,15.390068090926064,3.2933024464086857,5.216061873285669,gray,black,916,933,935
hwm,1954,15.320263254366267,1.3634978408046128,2.1189190840160963,gray,black,915,869,883
afm,1953,15.162386729854795,1.2358031629436055,1.6596179990490159,gray,black,914,851,857
klenk,1954,14.805035081889883,1.8618745667148329,3.0689329556185085,gray,black,913,911,909
simca-gordini,1952,14.012012626968126,1.1268507101055418,1.0904267278204955,gray,black,912,834,800
connaught,1959,13.944561238235282,0.7599527243521752,2.4255725388869864,gray,black,911,764,898
eagle,1969,13.838574640946552,1.1195140284790974,3.3724537973829762,gray,black,910,831,919
hwm,1951,13.430044888440651,0.4940596607594791,0.2355364556902396,gray,black,909,715,621
kauhsen,1979,13.059442721984576,3.6370975183147833,5.184101866640305,gray,black,908,936,933
behra-porsche,1960,12.7046586595972,0.9257189703998691,1.2886847611261552,gray,black,907,798,822
alta,1950,12.575902658678078,1.442227077079524,2.4543969303176105,gray,black,906,877,899
lola,1997,12.261951386230203,2.578252777522776,4.626146320643946,gray,black,905,928,929
gilby,1963,12.226863584471507,1.0177105756006133,2.098415696149407,gray,black,904,812,881
era,1951,12.150521114955936,-0.01892480086669413,0.03587716805726571,gray,black,903,553,553
jbw,1961,11.760073391661463,1.5266338535808326,1.4501551328746796,gray,black,902,890,832
osca,1958,11.556112276093835,1.4527324798886632,1.3677173733830958,gray,black,901,880,829
ags,1987,11.536098742922011,1.8539294066717908,1.8272357118665936,gray,black,900,910,870
bugatti,1956,11.317552008277831,1.181711927778553,0.8672024050413367,gray,black,899,840,776
spirit,1985,11.188745802429379,1.891375368255745,2.9164227738658886,gray,black,898,912,906
emeryson,1956,11.13929273084974,1.0191535067898605,0.8243775949158386,gray,black,897,813,768
gilby,1962,11.091601873040414,0.013592039076606485,1.5146175338726273,gray,black,896,565,838
coloni,1987,11.007321321239719,1.5425796479524858,1.1069302702449995,gray,black,895,892,801
connaught,1958,10.728602125006953,1.1086575584465699,2.524656384429756,gray,black,894,827,900
talbot-lago,1951,10.67787152955981,0.03918216649511519,-0.03587716805726571,gray,black,893,573,508
simca-gordini,1951,10.406980313016208,-0.0372015218653341,-0.06327614402074601,gray,black,892,544,497
cooper,1956,10.149193720948748,0.8276347269904234,0.6744907594765952,gray,black,891,780,728
porsche,1964,10.141303708727085,1.4275673780949285,2.099610013563266,gray,black,890,875,882
veritas,1952,10.132429244598569,1.3635648197032209,1.3040154683214173,gray,black,889,870,823
maki,1975,10.108436365153892,3.2623841971805048,3.3773770875981337,gray,black,888,932,920
ags,1986,10.045513410444384,1.5579458676573381,1.8202638386584504,gray,black,887,893,868
emeryson,1962,9.959480698898107,1.1875011923497383,2.6136516929718066,gray,black,886,841,904
maserati,1959,9.945493686582259,1.3566071091390457,3.5410764872521248,gray,black,885,868,921
osella,1985,9.933041751420873,1.6733180606156823,3.272900929788486,gray,black,884,899,916
scirocco,1963,9.852237080171461,1.139216372383169,1.4988683543924337,gray,black,883,836,836
gordini,1956,9.710341593445637,0.4108450941893489,0.8431134493457441,gray,black,882,696,770
porsche,1960,9.69212513904752,0.14207854182472282,0.3576159060312149,gray,black,881,613,656
osella,1987,9.682951785937819,1.3238858705896352,1.0559540474158924,gray,black,880,865,798
osella,1986,9.457659382687524,1.5932527809047037,1.7988200733863904,gray,black,879,895,867
hwm,1953,9.424160272902162,0.28145695978176527,0.325310245511523,gray,black,878,658,646
connaught,1954,9.382225388617558,0.31434730673096545,0.5058680696074465,gray,black,876,670,696
cooper,1954,9.382225388617558,0.31434730673096545,0.5058680696074465,gray,black,877,671,697
de-tomaso,1961,9.228105546874984,1.409082851517731,3.288473085173635,gray,black,875,873,918
porsche,1959,9.190461505972898,1.3082945488721247,3.126005250651143,gray,black,874,862,911
cooper,1969,9.190160764427777,2.4991733057630356,8.633481721300418,gray,black,873,927,937
maserati,1960,8.776099667708827,1.1898843765155551,1.567931596260208,gray,black,872,842,843
porsche,1963,8.672724983506143,0.9861030336518496,1.788422468309154,gray,black,871,809,866
connaught,1953,8.56214330679585,-0.009692189516836433,-0.04402925791027774,gray,black,870,558,501
era,1952,8.539400559889046,0.4309652578635625,0.13489815189531904,gray,black,869,702,589
spirit,1984,8.411986840901035,1.4937174951939598,1.7386250007838895,gray,black,868,886,864
march,1987,8.408458540199542,0.9852358341822682,0.8521834639457808,steelblue,gold,867,808,774
connew,1972,8.398454780831655,3.506129029381013,4.8602405793382095,gray,black,866,935,930
merzario,1979,8.250253518215958,2.3114356779486758,2.4202305043319567,gray,black,865,925,897
emeryson,1961,8.175224059154166,1.5823471943366143,1.6974684113494312,gray,black,864,894,861
porsche,1958,8.173937709350009,1.2570701502324464,3.8191622257968345,gray,black,863,855,925
apollon,1977,8.1629754447635,2.729101236933296,5.211974050500963,gray,black,862,929,934
andrea-moda,1992,8.144428356747436,1.5935237635664474,2.2337289736349235,dimgray,black,861,896,890
lds,1965,8.061207985055317,0.9506371393990805,0.8903278025091056,gray,black,860,803,781
forti,1995,8.007442768002175,1.2443161982873039,1.6314129113511036,ghostwhite,darkgreen,859,853,853
lds,1962,8.004618486741625,0.9899959008067101,1.551328746796169,gray,black,858,810,840
pacific,1994,7.981707330909146,1.8045437993753635,3.0631862836359245,silver,violet,857,908,908
zakspeed,1985,7.947256434309269,1.1107936493815864,2.294839317975104,gray,black,856,829,891
protos,1967,7.915192756965876,0.5361380720580111,0.8059172677569612,gray,black,855,728,760
hrt,2011,7.884507643373816,1.7535490278192458,2.1403799503720324,gold,red,854,905,886
coloni,1990,7.849053797483879,2.173708988188794,1.9379515697653784,gray,black,853,921,874
ram,1984,7.7577283692268,1.2933663055033335,1.5912550294680021,gray,black,852,859,847
ram,1983,7.732027908874216,1.6161234882403843,1.629201160326978,gray,black,851,897,852
simca-gordini,1950,7.632301205509184,0.2992949429282438,0.5047209764790849,gray,black,850,665,695
bmw,1969,7.5909756280143545,0.42758797389616293,0.22125015358627168,gray,black,849,700,613
tyrrell,1987,7.539131052990845,0.770172589927047,0.8138357316623437,white,cornflowerblue,848,770,764
scarab,1960,7.4610334736712876,1.0686588070450092,2.6564559142462825,gray,black,847,821,905
cooper,1957,7.413959138217136,0.567834756815752,0.8093889113719142,gray,black,846,738,762
pacific,1995,7.34972511859137,1.0253148331179005,1.4217041378801176,silver,violet,845,814,831
lola,1987,7.332517408730986,0.7842663552074003,0.7259213495558272,gray,black,844,771,742
connaught,1956,7.274598387071606,0.16639658380716352,0.6005739639175163,gray,black,843,620,716
lola,1985,7.167831379407942,0.8420085810019079,1.2357209985859055,gray,black,842,784,819
osella,1984,7.127766776697428,1.0123036475326788,1.1561090946392236,gray,black,841,811,809
lds,1968,7.116321809540947,1.5244528553251817,1.1241512657943253,gray,black,840,889,805
behra-porsche,1959,7.010826298476244,0.8342491221544271,1.7188635483435815,gray,black,839,782,862
virgin,2011,6.986511244807015,1.4645426240969128,1.9310017710821878,black,red,838,882,873
cooper,1953,6.978027818829935,0.025433415998670692,-0.19127349895604936,gray,black,837,569,440
lds,1963,6.953666341067688,0.9717547059949848,0.8838154779348488,gray,black,836,806,778
brm,1951,6.9482465081252816,-0.4932208843762598,-0.6022238923898172,gray,black,835,351,292
hrt,2010,6.937696345570849,1.7812156025715058,3.282655723095978,gold,red,834,906,917
fry,1959,6.913487791907597,1.2737109378335185,0.770846582258966,gray,black,833,856,752
alfa-special,1963,6.841180401810094,0.9382459230296405,0.8605571758839318,gray,black,832,799,775
brabham,1962,6.692895872232718,-0.28563141863193603,-0.40469445568595713,silver,darkslategray,831,428,365
toleman,1981,6.692637819816379,1.2934378375709772,1.114484395655147,gray,black,830,860,804
gordini,1953,6.689003047788698,-0.31013491799958215,-0.40951224682507564,gray,black,829,422,363
shannon,1966,6.68122463777768,0.6459675788221255,1.6229933899905573,gray,black,828,746,851
alfa-special,1965,6.570382296981921,0.5142570965958303,0.5395926075812761,gray,black,827,720,704
fittipaldi,1982,6.445540350794397,1.3172109764490991,0.9102781234902155,gray,black,826,863,785
osca,1953,6.420907324864066,-0.202512052328677,0.07711639052721381,gray,black,825,474,567
tecno,1969,6.379116723015436,0.12210804750126035,-0.01933253769200432,gray,black,824,605,515
ags,1991,6.375655840068951,1.226340453385474,1.355716184909699,gray,black,823,849,827
matra,1966,6.318047477017438,0.2357831021272478,0.09435881091123353,gray,black,822,644,573
osella,1983,6.278868311017791,1.1222004782611974,1.0238769728854715,gray,black,821,832,795
minardi,1986,6.218682700651639,0.6717802291560089,0.6783492144054414,skyblue,grey,820,754,732
eurobrun,1989,6.142223860017553,1.4461675756630463,1.072096286005766,gray,black,819,878,799
modena,1991,6.123142484267683,0.9716587852409143,0.8505800802922484,gray,black,818,805,773
footwork,1991,6.120308720967875,1.0402741665512414,1.041440138871133,white,indianred,817,816,796
theodore,1982,6.112826842919698,1.1666806893779804,1.1080786705171053,gray,black,816,837,802
minardi,2004,6.08246185493396,2.0056280636196706,3.62942448681782,skyblue,grey,815,918,923
brabham,1992,6.0738744751552725,1.2126244422966157,1.3942548135000519,silver,darkslategray,814,846,830
bellasi,1970,6.03949801068051,2.2456441207823574,3.147623544224111,gray,black,813,923,912
rebaque,1979,6.018850785682037,1.422005152165432,1.9544212178773086,gray,black,812,874,875
gordini,1954,5.96170341085721,0.08506962022189624,0.028103781644858133,gray,black,811,590,549
forti,1996,5.934786357453533,1.9678334024435489,2.587986237692914,ghostwhite,darkgreen,810,916,902
era,1950,5.9152157521450475,0.23367430962891836,0.646386977831737,gray,black,809,642,721
zakspeed,1986,5.901153209285967,0.5543370264789131,0.7443688599679097,gray,black,808,735,747
ats,1963,5.839024318255354,0.32939604729931926,0.4761111243364201,gray,black,807,676,689
ensign,1979,5.779836634590375,1.4657481609330545,1.6393328537466683,gray,black,806,883,854
marussia,2015,5.779168463352628,2.1860865883295775,3.1749155596374443,gray,black,805,922,913
hrt,2012,5.69657315893748,1.9233517475092612,3.596316808164548,gold,red,804,914,922
eagle,1968,5.696383770883555,0.7285041676326092,0.03488745307637561,gray,black,803,759,552
ram,1985,5.694866059542636,0.4528734018280248,0.8864337425670469,gray,black,802,709,779
politoys,1972,5.67640204081025,1.7192418079807639,2.529340348037232,gray,black,801,903,901
marussia,2013,5.658967837391014,1.499146746770614,2.6056819638486375,gray,black,800,887,903
brm,1977,5.605922335777556,2.0024855890137854,2.130676107750569,gray,black,799,917,884
tyrrell,1985,5.563114659688369,0.4733419492989781,1.1290365778819926,white,cornflowerblue,798,713,806
zakspeed,1987,5.537624191383417,0.32153954603148316,0.29016514448436626,gray,black,797,674,634
alta,1952,5.536765660580692,0.0512256866944293,0.0101708924048058,gray,black,796,579,540
simtek,1995,5.533414815763789,0.5246349104447486,0.336522784801607,dimgray,midnightblue,795,724,651
osella,1988,5.519239546820246,0.9136660955763608,0.7582418961391791,gray,black,794,795,750
frazer-nash,1952,5.493372834627071,-0.09502806471471721,0.22042181682241674,gray,black,793,524,612
coloni,1988,5.4654349794056,0.8854014973104174,0.8160535781898115,gray,black,792,792,766
zakspeed,1988,5.44136931356595,0.9485764570757342,0.8434998940039274,gray,black,791,802,771
jbw,1960,5.412239825395303,0.13782129195192297,0.7751455343523332,gray,black,790,612,754
rial,1989,5.384866142043182,1.483189147852568,1.8975292291062815,gray,black,789,885,872
simtek,1994,5.351518795998757,0.8364099058249674,1.6716892284496006,dimgray,midnightblue,788,783,859
lola,1993,5.331963392523228,1.3209576353783974,1.609841063014525,gray,black,787,864,850
hesketh,1978,5.313866786595298,2.07414537668978,1.9975394767426784,gray,black,786,919,877
porsche,1957,5.303567384943652,-0.10868217217625041,-0.042549650714645025,gray,black,785,518,503
lotus-racing,2011,5.299424729382605,0.8095933885038611,1.0016507558675039,gold,green,784,776,793
honda,1964,5.286189056064355,0.3326549540550343,0.3636959977569876,gray,black,783,680,660
ags,1990,5.280197296861322,1.0743072814351649,0.816548627942601,gray,black,782,822,767
eurobrun,1988,5.232564563610541,0.852078588467764,0.7204511547229899,gray,black,781,787,739
lotus,1991,5.203119664712317,0.6520233137380417,0.6809905140461292,gold,black,780,749,733
osella,1980,5.175485831820836,1.0763017415052236,0.6781097836773056,gray,black,779,823,731
march,1982,5.134466510445547,0.812058536349814,0.7461434605541372,steelblue,gold,778,778,748
spirit,1983,5.11958408963016,0.39702970722509184,0.13324737001173942,gray,black,777,695,588
minardi,2005,5.0725043273623776,1.6311007464542153,2.389347830274302,skyblue,grey,776,898,894
connaught,1957,5.064306082265881,0.19387127715347705,0.25941952287561354,gray,black,775,628,631
fondmetal,1991,5.027762229679559,0.5446939447516697,0.7232731169885556,black,black,774,732,740
super-aguri,2006,5.005902773444555,1.7004885778035457,3.2611758522736833,gray,black,773,902,915
derrington-francis,1964,4.9715641731343565,0.2968702217523421,0.8301424732019633,gray,black,772,664,769
maserati,1952,4.966625169027975,-0.14283060424893146,0.0588841139225599,gray,black,771,505,561
caterham,2013,4.948134284043013,1.2811450845566565,2.0412334352303896,seagreen,darkgreen,770,858,880
afm,1952,4.925491709322684,0.5272640226588506,0.7194568101083681,gray,black,769,725,738
virgin,2010,4.898688132147981,1.1267612915046363,2.404828231023271,black,red,768,833,895
ligier,1987,4.891460734834025,0.24383261342258064,0.30000693184960164,white,cyan,767,647,639
onyx,1990,4.870454350467619,1.0961552034471604,0.7807375817480042,gray,black,766,825,755
brm,1976,4.853391102991766,2.1108576317935404,3.1132278711662247,gray,black,765,920,910
minardi,1987,4.84975876346307,0.1519445254498904,0.16865500938515743,skyblue,grey,764,617,597
vanwall,1954,4.844410262567138,-0.2938255278145682,0.23888214398129415,gray,black,763,426,625
lola,1991,4.838334689093589,0.49665301050659605,0.4654413116850241,gray,black,762,717,684
ligier,1988,4.828956368755653,0.6703400100981587,0.5530717481554761,white,cyan,761,753,706
lola,1967,4.816659396090024,-0.09120620667773634,0.0619936359813047,gray,black,760,525,562
amon,1974,4.719129509783377,1.277998902224355,1.4618770520564666,gray,black,759,857,833
gilby,1961,4.711840005484602,0.545776830596369,1.4716162024943895,gray,black,758,733,834
marussia,2012,4.685118242197629,1.4597232912365046,2.9788790795940727,gray,black,757,881,907
eurobrun,1990,4.683386910494548,1.0625172864120964,0.9131834398019365,gray,black,756,820,786
theodore,1983,4.645139968296178,0.4565864654249116,0.36703512277611605,gray,black,755,710,661
sauber,2017,4.642450149598609,1.2483188823446145,1.1684913864414919,white,red,754,854,811
ligier,1983,4.639483361666836,0.4363954627261315,0.3361302556673632,white,cyan,753,703,650
lotus,1958,4.635004285003342,0.035190014622425325,0.0749434177196217,gold,black,752,571,564
arrows,1986,4.631727963448164,0.18965381853614371,0.2634377146319245,gray,black,751,626,632
ats-wheels,1981,4.625854124519854,0.7291279640912721,0.8753854732809476,gray,black,750,760,777
connaught,1955,4.61474284800024,-0.15317115481266555,0.23805556216821006,gray,black,749,498,624
maserati,1950,4.573741158894928,-0.07982039721452078,-0.4184022185698777,gray,black,748,529,360
arrows,1982,4.567844775231343,0.5225530829124666,0.460244001656768,gray,black,747,723,682
tecno,1972,4.554548869202898,1.1295681758857472,1.6545722540344907,gray,black,746,835,856
tyrrell,1988,4.552645979389068,0.5296615397225385,0.3808622776749191,white,cornflowerblue,745,726,664
ensign,1982,4.550201278965093,0.6500475762270277,0.5592385536236788,gray,black,744,747,707
caterham,2014,4.532860998276394,1.4763186972204196,2.131236850557287,seagreen,darkgreen,743,884,885
lola,1963,4.520958501029879,0.10621747907326985,0.21461069619709847,gray,black,742,601,611
osella,1982,4.509012155473444,0.500349519284344,0.5032894457786228,gray,black,741,718,694
arrows,1984,4.496545115637703,0.27133454406165025,0.2327061236684174,gray,black,740,654,619
shadow,1980,4.46671899678531,1.0497212078518772,1.5898710759091172,gray,black,739,817,846
minardi,1995,4.456269921355084,0.19515009191470972,0.4288121793651694,skyblue,grey,738,629,669
bellasi,1971,4.450498645541746,1.3287877607991567,1.8240260861114375,gray,black,737,866,869
ligier,1991,4.445409041112245,0.3028910827227305,0.2029150912324456,white,cyan,736,666,607
minardi,2003,4.432106385047015,1.5196152402290959,2.4113662316818933,skyblue,grey,735,888,896
fittipaldi,1975,4.427543109275908,1.4025395679090653,1.6491635473571566,gray,black,734,871,855
osella,1990,4.421346800260112,0.6820391128461895,0.572360902845281,gray,black,733,757,711
manor,2016,4.405149094239359,1.0971898114292744,0.9035073371740153,gray,black,732,826,784
lotus-racing,2010,4.396787833454262,0.9175987219807066,1.99331620870654,gold,green,731,797,876
march,1981,4.375006985908097,0.7057081998362392,0.6618676183960779,steelblue,gold,730,758,726
vanwall,1959,4.371114910551666,0.4136488897787315,0.1927116455647415,gray,black,729,697,603
gordini,1955,4.326072591225149,0.06127928464474854,0.17986420252709204,gray,black,728,585,600
zakspeed,1989,4.267521745158398,0.6066390902406583,0.4580731800581751,gray,black,727,741,681
ats-wheels,1982,4.2460107011442245,0.44629113736915654,0.28276026307671753,gray,black,726,707,633
minardi,1988,4.232477365208598,0.3857913848457013,0.2221906866607425,skyblue,grey,725,692,614
aston-martin,1960,4.226054381946078,0.32734130640498926,0.5193578847969783,darkgreen,darkolivegreen,724,675,701
maki,1974,4.198017805838925,0.6018040272771207,1.5738117721120555,gray,black,723,740,845
osella,1981,4.192355020349827,0.6802724083487398,0.7242686753051262,gray,black,722,756,741
arrows,1990,4.17358755462651,0.6190098098322688,0.4743083859344457,gray,black,721,743,686
footwork,1995,4.149022519470503,0.0859513099869901,0.23514521809440114,white,indianred,720,591,620
minardi,1992,4.147470796635082,0.3451171553657409,0.23179597895977974,skyblue,grey,719,683,618
tyrrell,1983,4.141633697192129,0.22990654071184677,0.1098871309099429,white,cornflowerblue,718,636,579
minardi,1998,4.128481330967151,1.239868686192922,1.1497190438588214,skyblue,grey,717,852,808
arrows,1983,4.122542485590722,0.2311019707987469,-0.009274892032527666,gray,black,716,639,525
jordan,2005,4.122186318259045,1.229585961341727,2.0290113686844893,yellow,black,715,850,879
tyrrell,1986,4.110689950761647,-0.013632305564216114,0.15801445410240617,white,cornflowerblue,714,557,595
toleman,1982,4.091846728926886,0.33316231461878687,0.011026529997612446,gray,black,713,681,542
vanwall,1955,4.078571303214108,-0.14301572697227588,0.011629151025458539,gray,black,712,504,543
lyncar,1974,4.072547291409815,0.5632973710528077,1.4988683543924337,gray,black,711,736,837
minardi,2001,4.067500938078897,1.2219860086898766,1.1705993164871134,skyblue,grey,710,848,812
dallara,1988,4.038977344126417,0.3316834974501881,0.3254409133308925,black,indianred,709,678,647
theodore,1981,4.037905376858992,0.47148915485283,0.48658116063548496,gray,black,708,712,691
cooper,1968,4.033878139690301,0.6594049434376713,1.0492078480747036,gray,black,707,752,797
matra,1967,3.9898813406284077,0.5179913412384702,0.3297961846035159,gray,black,706,722,649
hesketh,1976,3.9829722614254504,0.8516667924803557,1.5205729181510215,gray,black,705,786,839
hwm,1952,3.9787916386659825,-0.1417342741183096,-0.23682119999400453,gray,black,704,506,418
williams,2019,3.973146554438454,1.694934512851962,1.9987095057916588,white,navy,703,901,878
vanwall,1960,3.972707325616794,-0.07978251048731504,0.8093889113719142,gray,black,702,530,763
jordan,1992,3.96548057000523,0.310075698122423,0.2238745503419995,yellow,black,701,668,616
brabham,1991,3.9387798350727516,0.08601671819651957,-0.026453732915440894,silver,darkslategray,700,592,513
merzario,1978,3.9370324582994094,1.119097919303125,0.9903470085054729,gray,black,699,830,790
minardi,1996,3.920941495625585,0.9068900047982682,1.3192637275519314,skyblue,grey,698,794,826
ensign,1981,3.9191788115040165,0.5378002187385069,0.7285973260704758,gray,black,697,730,743
ags,1988,3.9117144339023815,0.25348662606442096,0.14207534453973253,gray,black,696,649,592
minardi,2002,3.879166824913262,1.1760150379089538,1.36746071784296,skyblue,grey,695,838,828
ensign,1975,3.8784790365687734,0.9510674355134149,1.14220332991657,gray,black,694,804,807
theodore,1978,3.8763300643196983,1.2059449119982215,1.2516436524134453,gray,black,693,844,821
fondmetal,1992,3.837682887960006,0.25129863274294517,0.2367260337492812,black,black,692,648,622
lola,1988,3.8363848028031375,0.24048970500091807,0.02126415109256852,gray,black,691,645,547
ats-wheels,1979,3.8302717241108892,0.6285815355505411,0.738293939427084,gray,black,690,745,745
ensign,1973,3.796576421867181,1.0863146038483493,0.8920684238238841,gray,black,689,824,782
larrousse,1994,3.7840577035490828,0.23140995245703652,0.5627497263297592,yellow,green,688,640,708
cooper,1952,3.767024818830576,-0.18304440976942335,-0.4522153955581718,gray,black,687,485,350
dallara,1992,3.737142998540815,0.1877957944516546,0.057384126696576984,black,indianred,686,625,560
tyrrell,1993,3.7332252399161714,0.6013220625682382,0.6296304907832357,white,cornflowerblue,685,739,720
brm,1957,3.729128915781632,0.11025450433997998,0.474641645557604,gray,black,684,602,687
renault,2016,3.72503337370334,0.8054327526864169,0.6590864028164446,yellow,black,683,774,725
venturi,1992,3.679509191713138,0.15168087107623324,0.03208114146251275,yellow,green,682,616,551
spyker,2007,3.6792516946393565,1.7391708617869648,2.2299977676146545,gray,black,681,904,888
ensign,1974,3.6583689650083207,0.8718120538317251,1.314291433103279,gray,black,680,790,825
mclaren,1966,3.653304608574249,0.18378817217515675,0.37915772942078085,orange,darkorange,679,624,663
minardi,1993,3.6411726952955394,0.6137463408366547,0.6982814952803046,skyblue,grey,678,742,736
eifelland,1972,3.6351023500831556,0.7610804250670946,0.4957342572211639,gray,black,677,765,693
lyncar,1975,3.6312147566744066,1.1765949283560246,2.326504358774343,gray,black,676,839,892
dallara,1991,3.6030702566245427,-0.07577568062197156,-0.14693980177139115,black,indianred,675,532,459
brm,1975,3.596484411690871,0.9140515711914731,1.5536545770012606,gray,black,674,796,841
martini,1978,3.588940849893315,0.8180528524227191,0.6927202394624491,gray,black,673,779,735
march,1992,3.586083958042054,0.1312235383955239,0.13198509931149152,steelblue,gold,672,610,587
tyrrell,1995,3.5807038884603717,-0.06115171577404954,0.12560669755559045,white,cornflowerblue,671,535,583
shadow,1979,3.5680598963389905,0.4961201384110628,0.6264886798788083,gray,black,670,716,719
lds,1967,3.531393840434914,0.9432235653058673,0.9394692721281147,gray,black,669,800,788
leyton-house,1991,3.5236195275223587,-0.10152609626205866,-0.24430011002793844,gray,black,668,522,416
arrows,2001,3.495340958100762,0.8725320739459361,1.0153308089601654,gray,black,667,791,794
mclaren,1983,3.4941047460149566,0.09961905962655965,0.0,orange,darkorange,666,598,529
trojan,1974,3.494006544596985,0.6749489433263747,0.7689846339926399,gray,black,665,755,751
minardi,1991,3.483211404090229,-0.1328535758193246,-0.3475383871356657,skyblue,grey,664,507,389
marussia,2014,3.4797551765994963,1.0506433825556059,1.473054994793261,gray,black,663,818,835
lola,1986,3.473949435708861,-0.1990897414574997,-0.017640784760920937,gray,black,662,477,516
ensign,1980,3.4561396405790745,0.7477441673463938,0.9909453846217073,gray,black,661,762,791
wolf-williams,1976,3.4540848078387727,0.5347292099054654,1.2009123410332663,white,navy,660,727,813
ligier,1990,3.4515013343869603,0.22659187869129863,0.17668433060238753,white,cyan,659,633,599
ligier,1984,3.4512769921833755,-0.09011767927234521,0.08622737637589156,white,cyan,658,526,571
minardi,1999,3.434278779087226,1.3026491381545398,1.560773027022905,skyblue,grey,657,861,842
jordan,2004,3.429306524997062,0.803468949355111,1.5961195139665394,yellow,black,656,773,848
minardi,2000,3.4233430874188033,1.4488709056042726,1.6773520202773222,skyblue,grey,655,879,860
lotus,1994,3.405669797051725,0.11146580705663589,0.44762806420036516,gold,black,654,603,678
rial,1988,3.3940308114265036,0.059335190657600026,-0.14836333134933627,gray,black,653,582,458
token,1974,3.3819475081398593,0.3311042894842341,0.6994718987164692,gray,black,652,677,737
arrows,1999,3.347327061590481,1.2151701078581763,1.2129770595168554,gray,black,651,847,815
tecno,1973,3.344105966359873,0.7858971775525792,0.7327800843696343,gray,black,650,772,744
tyrrell,1998,3.340930450878575,0.7664502043020355,0.740059054759038,white,cornflowerblue,649,767,746
williams,2018,3.337472681098377,1.0359829291445517,0.7817199504792618,white,navy,648,815,756
jordan,1991,3.3235695339006885,-0.20921027168165748,-0.26334989406152043,yellow,black,647,472,409
footwork,1992,3.318340090330331,-0.0005453312196913637,-0.09571919560577014,white,indianred,646,562,485
fittipaldi,1981,3.3163756890813243,0.3323311557597612,0.32027227331089314,gray,black,645,679,643
caterham,2012,3.298920886289591,0.7446752199863581,2.1472761831275693,seagreen,darkgreen,644,761,887
ligier,1989,3.2858705067438017,0.42673047369375744,0.5219622543230961,white,cyan,643,699,703
ags,1989,3.2834266142142816,0.5370368077472589,0.6183714341198298,gray,black,642,729,718
haas,2021,3.281514103711981,1.4393842640337338,1.7240378680876063,black,red,641,876,863
brabham,1990,3.2800475020150746,0.12814708499589783,0.07723082132367051,silver,darkslategray,640,608,568
tyrrell,1992,3.2567408655958987,-0.028103699789113364,-0.1980076493789697,white,cornflowerblue,639,548,435
midland,2006,3.245571538913382,0.7682565836638344,1.774110388825765,gray,black,638,768,865
ligier,1982,3.243152568060588,0.001296664416723492,-0.11989885313642025,white,cyan,637,563,469
eagle,1966,3.242260439224885,-0.040367975785278,0.1045274129720373,gray,black,636,542,577
williams,2013,3.2350791162703914,0.15156686975448003,0.47533316498292927,white,navy,635,615,688
leyton-house,1990,3.2099639011141283,0.17508694010526785,-0.09711228825026214,gray,black,634,623,484
ats-wheels,1984,3.1829669525352333,-0.12240797720626556,0.0,gray,black,633,514,530
lec,1977,3.1791287158338735,0.5144399080146864,0.553015109053965,gray,black,632,721,705
ensign,1978,3.1541020781858498,0.6551092133715637,0.5849247426601445,gray,black,631,750,713
renault,1977,3.152046310597087,0.486207696871387,0.2991990773143714,yellow,black,630,714,638
super-aguri,2008,3.14935287427141,1.6801099390484655,2.3666748915703266,gray,black,629,900,893
dallara,1990,3.1472936742192097,0.059715606451382276,0.05207738494807529,black,indianred,628,583,558
haas,2020,3.14200544224647,0.944674624816848,1.2379373085515557,black,red,627,801,820
brp,1964,3.141351427918594,0.08375381526169162,0.01955802666869838,gray,black,626,589,546
connaught,1952,3.1404737990076983,-0.21478689388178115,-0.44455072783684685,gray,black,625,466,353
fittipaldi,1979,3.137164617816131,0.29520791940417573,0.4326044181470576,gray,black,624,663,672
ats-wheels,1978,3.1224660948428475,0.6503371378388736,0.6563578642551875,gray,black,623,748,723
brm,1969,3.1202677838604913,-0.056196365960213455,0.1469426297431154,gray,black,622,537,594
williams,2020,3.0907808749155965,0.8102026858375547,0.8867286868475401,white,navy,621,777,780
de-tomaso,1970,3.04359622808844,0.6269680083149313,0.6744907594765952,gray,black,620,744,730
larrousse,1993,3.042017751446388,0.2658084444435176,0.22244089515136464,yellow,green,619,651,615
arrows,2002,3.0321006193096305,0.38610446400229476,0.24291241318676798,gray,black,618,693,627
alfa-romeo,1984,3.0314716001047595,-0.20056773613191167,-0.043409044910173715,white,red,617,476,502
lotus,1992,3.0212816888971945,-0.13205717421876265,-0.4714808323989027,gold,black,616,509,341
jbw,1959,3.0151827071618342,-0.045050869183821576,-0.1156269873388449,gray,black,615,540,471
williams,2011,2.998632635650441,-0.11090955318208062,0.030460873008620427,white,navy,614,517,550
ligier,1994,2.984143042933652,-0.06481749738123374,0.1314319861507701,white,cyan,613,533,586
minardi,1997,2.970257291220366,1.1101789964683508,1.2232014074997999,skyblue,grey,612,828,817
alfa-romeo,1979,2.9613193704681766,0.12816366537403523,0.36363048119373664,white,red,611,609,659
ligier,1992,2.95727493559082,-0.14554981913294834,-0.49502181616498675,white,cyan,610,502,334
surtees,1978,2.9359300330231752,0.5634549273244082,0.6585399644889731,gray,black,609,737,724
brabham,1968,2.9264931922667694,-0.5972336386206051,-0.6311905891142686,silver,darkslategray,608,308,281
sauber,2016,2.916069086274333,0.8950740413718993,0.7981887495224868,white,red,607,793,758
tyrrell,1981,2.9144847136756806,0.08221499246830362,0.1433159670609827,white,cornflowerblue,606,588,593
tyrrell,1997,2.896718545526208,1.0525451031078707,1.1144496091100995,white,cornflowerblue,605,819,803
williams,2022,2.893840895788227,0.8428853366081452,0.8445814864856429,white,navy,604,785,772
maserati,1958,2.876152240377232,-0.2544117212373922,0.0,gray,black,603,443,528
iso-marlboro,1973,2.848060897196053,0.5392951430930346,0.8160505485025473,gray,black,602,731,765
penske,1976,2.8450973939267903,-0.17867490792173035,-0.4072112098424027,gray,black,601,488,364
arrows,1998,2.837294524669387,0.4657462343377113,0.5973320871670885,gray,black,600,711,715
toleman,1984,2.834083445918954,-0.3136894174979966,-0.036733891383308494,gray,black,599,419,507
hesketh,1977,2.8327821493400958,0.33364911961455074,0.5110722196965027,gray,black,598,682,698
aston-martin,2022,2.827587576021649,0.5035777632044693,0.4518986087217479,darkgreen,darkolivegreen,597,719,679
aston-martin,1959,2.7963764219159515,-0.015684263009923635,0.5671854113780459,darkgreen,darkolivegreen,596,554,710
toleman,1985,2.7881228772703777,-0.2581526104566657,0.0,gray,black,595,441,531
minardi,1994,2.7861963420701588,-0.10758271657581817,0.07660249870999981,skyblue,grey,594,519,566
minardi,1990,2.7689787835101507,-0.1228668448477542,-0.07016657651402772,skyblue,grey,593,513,494
lotus,1959,2.7613499135208146,-0.12496212160430067,-0.015063069070196914,gold,black,592,512,518
ligier,1985,2.7505422441140865,-0.2600126017556773,-0.0002055121144048127,white,cyan,591,438,527
lotus,1990,2.742761678442391,-0.0961542330283605,-0.23210987381788467,gold,black,590,523,422
benetton,2001,2.7310395270386074,0.43888970259285914,0.6893435352681783,green,blue,589,704,734
lola,1990,2.730073482126354,-0.11196991411639717,-0.24636491027382645,gray,black,588,516,415
onyx,1989,2.7174891072840524,0.15815033096873196,0.1928588019184513,gray,black,587,619,604
arrows,1987,2.715836775478883,-0.41247353008281423,-0.27516802642183646,gray,black,586,384,405
tyrrell,1991,2.7157376036187486,-0.4767443281795779,-0.46311418161377027,white,cornflowerblue,585,364,343
haas,2017,2.7119175345001154,0.3565693832422917,0.2295683868277932,black,red,584,687,617
williams,1983,2.709798654619795,-0.2846689314364826,-0.4260127402868919,white,navy,583,430,358
brabham,1986,2.707670240047635,-0.39213973585644346,-0.3997512313862944,silver,darkslategray,582,390,369
lotus,1982,2.7046507079874305,-0.24856359944464698,-0.14655549918375507,gold,black,581,445,460
lotus,1993,2.699866616875034,0.0956441600000974,-0.015999817820151353,gold,black,580,596,517
jordan,1993,2.680481352315825,0.09488976261926943,0.07975153174971611,yellow,black,579,594,570
footwork,1996,2.679509511280645,0.26188787918178885,0.31655068482632576,white,indianred,578,650,642
alfa-romeo,1985,2.670713189579801,-0.2300366070989113,-0.04054247019375293,white,red,577,457,505
mclaren,2018,2.6691160934151466,0.5519017862427815,0.5162478635250596,orange,darkorange,576,734,700
force-india,2011,2.6577768909329116,-0.25981149667438097,-0.13715135268950374,green,orange,575,439,463
osella,1989,2.6441675994288385,0.07374012778770614,-0.010712065731008358,gray,black,574,586,524
ligier,1995,2.6337952994518012,-0.36018526557930486,-0.19541321068948087,white,cyan,573,404,437
jaguar,2002,2.624752233189483,0.3173617228510112,0.4395068819815233,gray,black,572,673,676
shadow,1978,2.6180800947427345,0.3885153948993091,0.3037912791049173,gray,black,571,694,641
sauber,1995,2.5948989848924366,-0.34372712312196885,-0.1788649569574971,white,red,570,409,445
toro-rosso,2018,2.5542881043580734,0.43002776915397123,0.30269415604417915,blue,maroon,569,701,640
toro-rosso,2011,2.5513082820859405,-0.0880518781189556,0.09934015469062209,blue,maroon,568,528,575
arrows,1979,2.5392866378952768,0.02702982001465889,0.18895880518305708,gray,black,567,570,602
penske,1977,2.5270494597709563,0.27166137904829735,0.3732618766035527,gray,black,566,655,662
boro,1977,2.5260814733930355,0.2773036060987255,0.7546930401472598,gray,black,565,656,749
ferguson,1961,2.523287816932413,0.047292137545822045,0.6744907594765952,gray,black,564,577,729
stewart,1998,2.516586693792032,0.23052431712238008,0.32620294217894874,gray,black,563,637,648
ats-wheels,1980,2.5009028445106525,0.2869906439037608,0.40348708141050493,gray,black,562,660,665
lola,1989,2.489001916034052,-0.02214837274607852,-0.12479612368279286,gray,black,561,551,468
toro-rosso,2017,2.482211756514489,0.21325183181193447,0.199656671268741,blue,maroon,560,632,606
toro-rosso,2013,2.474135712630051,-0.17194707989856112,-0.04251932458545225,blue,maroon,559,492,504
footwork,1994,2.4686033856089655,-0.25919560774475797,-0.13432661980564894,white,indianred,558,440,464
boro,1976,2.4543829938871062,0.4494673991629772,0.9341120048908996,gray,black,557,708,787
tyrrell,1989,2.4366518803776773,-0.009363660695195616,-0.1191339005110501,white,cornflowerblue,556,559,470
march,1977,2.4278813866223166,0.35051238435837456,0.6111811575040628,steelblue,gold,555,684,717
tyrrell,1996,2.4258699330189386,0.1365463861787107,0.29219500651015423,white,cornflowerblue,554,611,635
prost,1998,2.41017759086217,0.16856657584345627,0.24711352706977519,gray,black,553,621,629
toyota,2002,2.395956294974699,0.1898967288867543,0.23745066237984086,gray,black,552,627,623
arrows,1985,2.3637407784505347,-0.3974025140596835,-0.2502888574369867,gray,black,551,386,413
footwork,1993,2.358913027643534,-0.06216859567152572,-0.11205494640168216,white,indianred,550,534,473
sauber,2018,2.351030021920247,0.30705912928819223,0.14159642593663282,white,red,549,667,591
alfa-romeo,2020,2.344149705917083,0.8287268546572877,1.157349215598842,white,red,548,781,810
prost,2001,2.3419502500349747,0.22962061909325646,0.415730603140459,gray,black,547,635,668
arrows,1989,2.340772869802853,-0.08848822812497048,-0.20235791353761115,gray,black,546,527,431
alphatauri,2022,2.3370460447584622,0.12701698823375898,0.09698100249223204,white,midnightblue,545,606,574
dallara,1989,2.333677200814454,-0.13235416068698316,-0.2396786299724645,black,indianred,544,508,417
tyrrell,1982,2.3308461765892563,-0.3964141456218547,-0.3262339999655114,white,cornflowerblue,543,387,393
lotus,1989,2.3287926629079756,-0.05640290504030937,0.010641349995167124,gold,black,542,536,541
alfa-romeo,2023,2.3261385152748324,0.41500399292413487,0.4655738552756421,white,red,541,698,685
force-india,2008,2.3257287646290825,1.40792134783502,1.6612705189987542,green,orange,540,872,858
williams,2017,2.315653445416809,0.04879826491650641,-0.030849675249563873,white,navy,539,578,509
porsche,1962,2.3104997634028472,-0.37731752146032427,-0.5901794145420208,gray,black,538,396,299
fittipaldi,1980,2.281478982888972,0.0999220378128778,0.2497324855276934,gray,black,537,599,630
ats-wheels,1983,2.2803497941800352,-0.30389296845202096,-0.6827745382892506,gray,black,536,424,251
fittipaldi,1977,2.271690619546165,0.2289223800608076,0.48865398018359985,gray,black,535,634,692
sauber,2011,2.2470342271360915,-0.21869488011229896,0.0,white,red,534,461,533
mclaren,2015,2.2327772059440836,0.3513786391409152,0.6535085453127089,orange,darkorange,533,685,722
benetton,1991,2.2301984773873187,-0.7204019809918174,-0.7756616263691325,green,blue,532,255,215
mclaren,2017,2.226891521031065,0.057157997207982224,-0.021212361269773054,orange,darkorange,531,581,514
shadow,1973,2.225729932467202,0.23055059051495658,0.43560861549530105,gray,black,530,638,674
wolf,1979,2.2156710510797604,-0.04400479234534941,-0.027344219978780886,gray,black,529,541,512
ferrari,1986,2.2150520332630323,-0.5811871815597478,-0.3893650276957853,red,red,528,318,372
fittipaldi,1976,2.190959094819158,0.09786469731886395,0.5115020512454274,gray,black,527,597,699
minardi,1989,2.166922289896398,-0.21661096071663632,-0.1763005527918354,skyblue,grey,526,464,448
lola,1974,2.150324388650695,0.1996746060944244,0.35524780214425655,gray,black,525,630,654
surtees,1976,2.1292863591541478,0.0458481629648314,0.4362195672701893,gray,black,524,575,675
lola,1975,2.1244343622723214,0.3812844665889066,0.8058075445074367,gray,black,523,691,759
ligier,1996,2.117536702338354,-0.02475367440366396,0.11413731623310977,white,cyan,522,549,580
prost,2000,2.116816191128985,0.36262930124486364,0.4072506652825954,gray,black,521,688,667
arrows,1988,2.112158214594892,-0.5122348346035298,-0.6186606068125563,gray,black,520,343,285
alphatauri,2023,2.1076641436017582,0.27064031549696904,0.3248686998803794,white,midnightblue,519,652,645
march,1989,2.106279127299313,-0.15255136148980578,-0.1920316468153952,steelblue,gold,518,499,439
sauber,2014,2.105468826965502,0.28672053657685476,0.43407353498528783,white,red,517,659,673
lotus-f1,2014,2.1052010401158077,0.3515180475448206,0.5635745012515551,gold,black,516,686,709
jordan,2003,2.092236090138245,0.29390518404503657,0.5213838394918477,yellow,black,515,662,702
toro-rosso,2006,2.087416817909292,0.27072751781163645,0.807461365867274,blue,maroon,514,653,761
march,1973,2.086123854558582,0.0755426566290089,0.12721106608383592,steelblue,gold,513,587,584
bar,2002,2.079863222123657,0.015068787274028357,0.0,gray,black,512,567,532
alfa-romeo,2021,2.068364210577919,0.3726852968229837,0.4055069938428081,white,red,511,690,666
tyrrell,1980,2.0591657219241473,0.0060718614851446384,-0.029788116033001143,white,cornflowerblue,510,564,510
ferrari,1962,2.055887355464686,-0.447091891028995,-0.44613457061320916,red,red,509,377,352
mclaren,1979,2.0444673030531035,-0.13080340109303615,0.006548453975500924,orange,darkorange,508,510,538
sauber,2010,2.0402691650534184,-0.21681335738210356,-0.012365867980964987,white,red,507,463,520
jaguar,2001,2.037577432765202,-0.005118957656676805,0.09181549605440564,gray,black,506,560,572
ligier,1993,2.0352642566539703,-0.23652688072733416,-0.27409814703680313,white,cyan,505,450,406
racing-point,2019,2.0260006779712008,0.2414400372872501,0.21049660205773435,navy,pink,504,646,609
sauber,2000,2.0247474465662747,0.23206379397226284,0.3566535430949363,white,red,503,641,655
sauber,1993,2.006657034774697,-0.23306457286943796,-0.25126319654945994,white,red,502,453,412
toleman,1983,2.006567919758773,-0.5059369706784012,-0.6164931464005823,gray,black,501,346,287
jordan,2002,1.9841350112851437,-0.03537938883722367,0.07874239281139975,yellow,black,500,546,569
ferrari,1969,1.981153422215176,-0.2922568973718893,-0.2780327300215133,red,red,499,427,404
cooper,1958,1.9770736139366634,-0.45277770959650143,-0.18966449561350412,gray,black,498,376,442
force-india,2018,1.9768057654721498,0.0568251288931421,-0.09457924768982824,green,orange,497,580,486
march,1988,1.968089187269966,-0.5850463201084747,-0.6091991810764543,steelblue,gold,496,317,289
surtees,1971,1.9528814355227082,-0.14849199666879234,-0.09800293086412068,gray,black,495,501,483
tyrrell,1994,1.952509791092175,-0.4528702920333709,-0.2922743105421326,white,cornflowerblue,494,375,400
alfa-romeo,2022,1.9520979605200672,0.014936565735724605,0.06755306146416884,white,red,493,566,563
frank-williams-racing-cars,1975,1.9471750054698524,0.12731938029579024,0.4293169649531503,gray,black,492,607,670
super-aguri,2007,1.9418585717003498,0.3647247543879789,0.4437825912024657,gray,black,491,689,677
force-india,2017,1.9196800802339964,-0.16054848771999855,-0.19042207006768067,green,orange,490,496,441
brabham,1989,1.9164450447022312,-0.32069698881528996,-0.5083711784839747,silver,darkslategray,489,417,329
haas,2016,1.9127372195530181,0.1708609531451318,0.12406066823353865,black,red,488,622,582
renault,2017,1.9063562938847514,-0.15000882555791265,-0.14527444904171372,yellow,black,487,500,461
brabham,1987,1.8959288003499553,-0.6041886975364065,-0.4873813730157348,silver,darkslategray,486,303,336
brp,1963,1.8938699226079156,-0.4848802421540294,-0.3091415980934395,gray,black,485,358,398
haas,2023,1.8938066860294043,0.018285802241558777,0.20912648097374886,black,red,484,568,608
penske,1975,1.8844106714464102,0.15662534882230167,0.42982940040114004,gray,black,483,618,671
haas,2022,1.8801565362010315,0.2092065238362518,0.19342294465177712,black,red,482,631,605
renault,2018,1.8729832172224579,-0.0401350355709052,-0.22326349181281027,yellow,black,481,543,424
cooper,1965,1.8675083506584333,-0.2145754909244617,-0.15778101213474388,gray,black,480,467,453
ferrari,1992,1.8618730747074586,-0.6856188732787674,-0.9799900176988225,red,red,479,271,138
penske,1974,1.8609177009651485,0.3149023179199449,0.3369003437517103,gray,black,478,672,652
alfa-romeo,2019,1.8600239301687416,0.10568249616758309,0.1371572118552885,white,red,477,600,590
renault,1985,1.8523274523827502,-0.48639983516235447,-0.38546529453958867,yellow,black,476,356,374
toro-rosso,2019,1.8518432878827138,0.11658226973639846,0.04927786370605262,blue,maroon,475,604,556
sauber,2015,1.8498771189128078,0.09560610398806368,0.35860641146836253,white,red,474,595,657
toro-rosso,2007,1.8495277849038196,0.28715959631954735,0.4607230658074572,blue,maroon,473,661,683
brm,1967,1.844714914175796,-0.30467730244944574,-0.07226686708677806,gray,black,472,423,493
surtees,1974,1.8322403506312235,0.03787550848821881,0.11730274077853829,gray,black,471,572,581
arrows,1980,1.8274194084466078,-0.12534417348172763,-0.10160902462302934,gray,black,470,511,480
surtees,1970,1.817927689058974,-0.10296000709465376,-0.08852691218130312,gray,black,469,520,490
sauber,2002,1.8068595428592409,-0.15554840632578756,-0.2174721721463931,white,red,468,497,427
brm,1956,1.80618153511478,-0.5169733125524151,-0.08899530854205079,gray,black,467,339,489
sauber,2013,1.80197077970015,-0.3811474885150518,-0.20639290812475009,white,red,466,393,429
haas,2019,1.7983254477289656,0.044636145384187934,0.0,black,red,465,574,535
ligier,1986,1.795741006468182,-0.6983776397617394,-0.5629380307208751,white,cyan,464,264,306
alpine,2024,1.794887481359226,0.4409523510394379,0.36111983834484707,pink,blue,463,705,658
arrows,2000,1.7854803890961326,0.046939583656669996,0.05199818630326175,gray,black,462,576,557
sauber,1996,1.7742244121741129,-0.201306033330982,-0.0999427829962414,white,red,461,475,482
brabham,1971,1.7693066783395248,-0.23801723814721845,-0.19944619231834804,silver,darkslategray,460,447,434
cooper,1967,1.7669096315757817,-0.3408806277815366,-0.26393116675171113,gray,black,459,410,408
jordan,1994,1.7481155598041322,-0.5629936892392245,-0.7333931837593619,yellow,black,458,324,228
kick-sauber,2024,1.7352227164794773,0.7694995719890106,0.7735646283743696,gray,black,457,769,753
brm,1968,1.7343498786266889,-0.23561320179424491,0.009455477936587783,gray,black,456,451,539
lola,1962,1.7305239448038443,-0.5964745896204635,-0.47214353163361666,gray,black,455,310,340
alfa-romeo,1982,1.7188950657898079,-0.6890058941373848,-0.6707075449025923,white,red,454,268,263
haas,2018,1.7014333096066432,-0.19037398391032934,-0.28291273161864283,black,red,453,481,403
renault,2011,1.6975578211495281,-0.44380149233408117,-0.3125004464292092,yellow,black,452,378,397
sauber,1994,1.6933028973715691,-0.5021128866022007,-0.5387213600986368,white,red,451,347,321
alfa-romeo,1981,1.6914976850688443,-0.46420202112468434,-0.38679327913112804,white,red,450,372,373
mclaren,1980,1.6880026954998038,-0.18793783790812627,-0.16972286583897958,orange,darkorange,449,482,450
jordan,1995,1.6598333665709224,-0.6395467668820651,-0.5696348903261421,yellow,black,448,291,304
ferrari,1980,1.6593559382799568,-0.18006545632421786,-0.17733908196608858,red,red,447,487,446
toro-rosso,2010,1.6395927996771245,-0.1815375773354256,0.10957431110630608,blue,maroon,446,486,578
arrows,1981,1.6320474231617372,-0.5342754732267198,-0.3241223762135537,gray,black,445,331,394
cooper,1964,1.6315759326458577,-0.5286074163041793,-0.6883264673632945,gray,black,444,334,247
lotus,1981,1.6303236257463105,-0.5121377581605537,-0.38265500851063483,gold,black,443,344,377
williams,2023,1.625514178707092,0.14455968298778563,0.24577279503005034,white,navy,442,614,628
sauber,2004,1.6156867405045685,-0.024707097195769405,0.3471990713105085,white,red,441,550,653
sauber,2003,1.608963205637391,-0.01497404775831772,0.2138594463908494,white,red,440,555,610
williams,2021,1.608936494002763,0.2344343104257356,0.457648945533791,white,navy,439,643,680
ensign,1976,1.585771578206788,-0.2289818891604965,0.05270864872299315,gray,black,438,458,559
alpine,2023,1.5820464613250649,-0.21200752004258616,-0.13045638347925365,pink,blue,437,471,465
renault,2019,1.5692490757159705,-0.10223298803141027,-0.17371903923444504,yellow,black,436,521,449
fittipaldi,1978,1.558483748496746,-0.23246455084889983,-0.1534182394656979,gray,black,435,455,454
sauber,1998,1.551773224094172,-0.3243902598300952,-0.10234698786104418,white,red,434,416,478
mclaren,1982,1.5216637381077553,-0.7487150270076376,-0.6744907594765952,orange,darkorange,433,244,259
williams,1988,1.5094183135439592,-0.8110096352141665,-0.8430959812261795,white,navy,432,214,194
benetton,1989,1.49317959271599,-0.5601380424368585,-0.7586888318572025,green,blue,431,325,222
renault,2002,1.4868956425670259,-0.35604346256826525,-0.4860357968460146,yellow,black,430,406,337
arrows,1997,1.4643859521334945,-0.055832463995560556,0.1752550483502953,gray,black,429,538,598
bar,2001,1.463415735536633,-0.3279313876372075,-0.15184870501305547,gray,black,428,413,456
honda,2007,1.451865283776501,-0.021926670579150855,0.18384349904317815,gray,black,427,552,601
sauber,2001,1.45069079134837,-0.3825209200816631,-0.2355529267710571,white,red,426,392,419
honda,1967,1.4505494675679957,-0.5332145060312721,-0.37096991771212734,gray,black,425,332,383
benetton,1986,1.4474452290950492,-0.7959950255998511,-0.7523820498033906,green,blue,424,219,223
benetton,2000,1.442724528604107,-0.21877255066299917,-0.10760077426339688,green,blue,423,460,476
mclaren,1995,1.4402294214804057,-0.7006396191997666,-0.559114222818674,orange,darkorange,422,261,310
williams,1984,1.4355761213467202,-0.644322627687107,-0.6889498531342684,white,navy,421,286,246
alphatauri,2020,1.429548150054944,-0.23256214379081652,-0.20013578272994054,white,midnightblue,420,454,433
toro-rosso,2012,1.4234660049854448,-0.17491147794691672,0.29671597773658087,blue,maroon,419,490,637
jaguar,2000,1.4195078725908725,-0.2538956556259658,-0.3755433666325034,gray,black,418,444,381
bar,2000,1.4125835411940872,-0.31229385560229406,-0.35018920101227274,gray,black,417,421,387
march,1974,1.4046095372416636,-0.21270101297068192,-0.012490569619936949,steelblue,gold,416,470,519
ferrari,1955,1.387142129705082,-0.7119129990204246,-0.5425683021083787,red,red,415,258,319
benetton,1988,1.3855729186255792,-0.8452524967076273,-0.9412689932485468,green,blue,414,200,154
ensign,1977,1.3845960329309421,-0.32553734050194083,-0.044966050631773016,gray,black,413,415,500
march,1971,1.3834063569303678,-0.4224849609972416,-0.40977126785406054,steelblue,gold,412,381,362
arrows,1978,1.3830365780531582,-0.3447447458113583,-0.25000429694885384,gray,black,411,408,414
mclaren,1967,1.372029064849429,-0.21803114239611607,-0.25274265232002324,orange,darkorange,410,462,411
alfa-romeo,1983,1.3701698138805494,-0.7235465649260063,-0.890300045687728,white,red,409,253,175
brm,1974,1.3650137052541982,-0.19626598481808472,-0.09038176176986375,gray,black,408,479,488
mclaren,2016,1.36318236360497,-0.032266895097101234,-0.004593580654778174,orange,darkorange,407,547,526
toro-rosso,2016,1.345641918063744,-0.003586594326257763,-0.0873471924780177,blue,maroon,406,561,491
lotus,1983,1.3418065680746847,-0.7508629778882039,-0.9582639518466541,gold,black,405,242,148
benetton,1990,1.3415637196505343,-0.7997408653796789,-0.7846156658071095,green,blue,404,218,212
shadow,1977,1.3373456342977765,-0.3038392104325352,-0.14854856012282155,gray,black,403,425,457
sauber,1999,1.3346922028290047,-0.07971562754055864,0.15855821877976506,white,red,402,531,596
iso-marlboro,1974,1.3303540829347138,-0.2760788789199944,-0.058651370389269146,gray,black,401,434,499
tyrrell,1978,1.3263705808357928,-0.3945151387454618,-0.21657724148542865,white,cornflowerblue,400,388,428
surtees,1977,1.3206263343091975,-0.36832682644577686,-0.20475612341253782,gray,black,399,399,430
williams,1999,1.3204254812409837,-0.28210979862861646,-0.2283200877054807,white,navy,398,432,423
bar,2003,1.3175176864390241,-0.14485077312318764,-0.011882812621813163,gray,black,397,503,522
surtees,1972,1.315733327862758,-0.43302301364542317,-0.44086735700986435,gray,black,396,380,356
lotus,1988,1.3057841542884552,-0.8516128131812248,-1.0056501050172395,gold,black,395,195,133
mclaren,2019,1.3049133198682674,-0.2823300086416862,-0.300374736702325,orange,darkorange,394,431,399
bar,1999,1.3037349808110439,-0.2135083258798052,-0.2183406452172431,gray,black,393,469,426
aston-martin,2021,1.3036253612652167,-0.04765885790264263,0.0031740741622428006,darkgreen,darkolivegreen,392,539,537
mclaren,1976,1.2961911564222055,-0.7293851672696744,-1.1292701666536813,orange,darkorange,391,251,94
benetton,1999,1.2907780575980912,-0.19553734395545963,-0.19650856828966404,green,blue,390,480,436
jordan,1996,1.2812169803134108,-0.46585486220854,-0.44838391929102495,yellow,black,389,369,351
surtees,1975,1.2810239797836365,-0.11684841501608999,0.12831775424188885,gray,black,388,515,585
lotus,1980,1.2775298257944188,-0.3259072205109797,-0.33935916844321,gold,black,387,414,390
ferrari,1984,1.2711230540368212,-0.7826416506746201,-0.6200786733033343,red,red,386,229,284
red-bull,2006,1.265364486080829,-0.1841103323615393,0.0472682713958005,darkblue,red,385,483,555
ligier,1981,1.2652068568582524,-0.6424248782177234,-0.5460924395446367,white,cyan,384,288,315
mclaren,2022,1.2645772500203276,-0.36522202592032205,-0.3806136677085417,orange,darkorange,383,402,379
honda,2008,1.2464622739325932,0.3106177751330597,0.5966397213348144,gray,black,382,669,714
brm,1972,1.2441874068088201,-0.4550010511906661,-0.5877363716097912,gray,black,381,374,301
force-india,2009,1.24335368673689,0.6570641318502847,1.2034906077321272,green,orange,380,751,814
prost,1999,1.240547914992844,-0.2161057533272138,-0.10667139216621203,gray,black,379,465,477
stewart,1997,1.2366073248080556,-0.18323930545653042,-0.027934481755431277,gray,black,378,484,511
williams,1978,1.2353507090964866,-0.45851388196657467,-0.3846086642458305,white,navy,377,373,375
toyota,2004,1.2315519059065183,-0.1974999573025011,0.039362360608543395,gray,black,376,478,554
mclaren,1994,1.231344836379606,-0.6758673811709844,-0.7679167719830837,orange,darkorange,375,276,218
cooper,1963,1.227876942428203,-0.7062929355163943,-0.5449689832002924,gray,black,374,259,318
brabham,1972,1.2259969082535238,-0.491829496693948,-0.4935709104061998,silver,darkslategray,373,352,335
kojima,1977,1.2221185798320777,-0.16826756673950652,-0.011241512657943254,gray,black,372,493,523
lotus,1971,1.2191681438560824,-0.5546810544092801,-0.6937619240330694,gold,black,371,327,241
toro-rosso,2014,1.215263224626565,-0.16530858409035512,-0.03731426470493769,blue,maroon,370,494,506
force-india,2014,1.212988132828289,-0.1630103376543717,0.0,green,orange,369,495,534
alpine,2022,1.2095371443240386,-0.3377944839065391,-0.3306019491345108,pink,blue,368,411,392
mclaren,1970,1.208886630844426,-0.4830175372105084,-0.4595619351790942,orange,darkorange,367,361,345
renault,1978,1.2052010301679899,-0.5000125823683708,-0.35924453614097934,yellow,black,366,348,385
hill,1975,1.2030713428716713,-0.22240095108924116,-0.06842659878748067,gray,black,365,459,495
ferrari,1985,1.2015638592791773,-0.6193710963172918,-0.8241726368813123,red,red,364,297,199
williams,2000,1.196180633653632,-0.48422804733420505,-0.561007048043746,white,navy,363,359,308
mclaren,1981,1.1945979187411448,-0.6072268743517925,-0.5649096276848795,orange,darkorange,362,301,305
red-bull,2005,1.1945600935572216,-0.1757300369151538,0.10123103833545592,darkblue,red,361,489,576
matra,1970,1.1917911947423538,-0.4785290305539984,-0.5602624856942686,gray,black,360,363,309
lotus-f1,2015,1.1913692852209836,-0.23350733235471122,-0.11227390154604129,gold,black,359,452,472
surtees,1973,1.189833794985263,-0.37182281639374903,-0.20234722784297857,gray,black,358,398,432
force-india,2013,1.1889918588194441,-0.3655979258242399,0.001677837710140784,green,orange,357,401,536
williams,2024,1.17897523875817,0.27785405853405165,0.2954164954296716,white,navy,356,657,636
march,1972,1.1636019424351058,-0.48902357465372215,-0.45886522922580214,steelblue,gold,355,355,346
mclaren,1971,1.1616992583005048,-0.4908723723232098,-0.5395926075812761,orange,darkorange,354,353,320
jordan,1998,1.1533453746149904,-0.5743651330821393,-0.4973965580126847,yellow,black,353,321,333
ferrari,2020,1.1407177043197505,-0.3649532889824652,-0.2908050323644992,red,red,352,403,402
shadow,1976,1.1281158911761051,-0.3939850893732101,-0.12775498052599757,gray,black,351,389,466
force-india,2015,1.1276631540012014,-0.25809239685082663,-0.10052137598570418,green,orange,350,442,481
brm,1970,1.1244243989098242,-0.4834275685335055,-0.6245284809968474,gray,black,349,360,282
force-india,2010,1.1237127297577647,-0.3672249333571174,-0.1768432966285247,green,orange,348,400,447
ligier,1978,1.1199632116130014,-0.4820973123024707,-0.3818467175565652,white,cyan,347,362,378
jaguar,2004,1.1190288624707756,-0.21394827748484413,0.24250751268224757,gray,black,346,468,626
brabham,1970,1.1189909223032009,-0.5297784669036842,-0.6744907594765952,silver,darkslategray,345,333,258
lotus,1975,1.1169281460191867,-0.28038491610445904,-0.01208371067466213,gold,black,344,433,521
parnelli,1975,1.1133384598960783,-0.2372607618051632,-0.06776088432795283,gray,black,343,448,496
sauber,2005,1.1109836900265744,-0.2313977110682924,0.026701930303903214,white,red,342,456,548
haas,2024,1.11080184757384,0.09111668061691688,0.07578103880922764,black,red,341,593,565
jaguar,2003,1.1099114939348032,-0.274323652818707,-0.13791885299845524,gray,black,340,435,462
ferrari,1973,1.1073001492662748,-0.3920265814478078,-0.441013188888543,red,red,339,391,355
sauber,1997,1.1037718348268124,-0.20644170072954698,-0.060143667161545136,white,red,338,473,498
toro-rosso,2015,1.0963794909830287,-0.2668141281505868,-0.11122680600248294,blue,maroon,337,436,475
tyrrell,1979,1.0892185051532277,-0.5680424861262038,-0.4004788884392284,white,cornflowerblue,336,323,368
cooper,1962,1.0858193049251113,-0.6801596559074624,-0.6932266139065006,gray,black,335,274,242
toro-rosso,2009,1.0725074780578618,0.4453676785116496,0.9000170815306889,blue,maroon,334,706,783
alpine,2021,1.0624160815931951,-0.24256101438400562,-0.09363017597787043,pink,blue,333,446,487
ferrari,1960,1.0616031170172886,-0.6192986205698312,-0.5800620531498719,red,red,332,298,302
mclaren,2013,1.0595334008234212,-0.4723899719362204,-0.29093351421085534,orange,darkorange,331,365,401
williams,2007,1.0497905085158332,-0.32974753821736685,-0.21973888355567922,white,navy,330,412,425
tyrrell,1990,1.0387104270092562,-0.9676667240195647,-0.9457575772940068,white,cornflowerblue,329,160,150
toyota,2007,1.036490435793814,-0.3560154236191437,-0.18006766881954353,gray,black,328,407,443
alfa-romeo,1980,1.0305452879116805,-0.5203884747372153,-0.672011014037343,white,red,327,337,261
williams,1982,1.0275517886258874,-0.9529755955367468,-0.9014729101580374,white,navy,326,167,170
brm,1958,1.0155268474873038,-0.7181490555482416,-0.6534129232429516,gray,black,325,256,269
mercedes,2011,0.9968836141352683,-0.7335243075248605,-0.6320099789954214,cyan,black,324,249,280
red-bull,2007,0.9962425277505855,-0.37766765301979693,-0.163666057486828,darkblue,red,323,395,452
rb,2024,0.9951593912037645,-0.035644669456494436,0.01583795806813077,gray,black,322,545,545
ferrari,1991,0.9943188724024974,-1.2584101646162447,-1.5033872828871333,red,red,321,56,33
ferrari,1993,0.9879369144827352,-0.722882718075599,-0.9170417118957375,red,red,320,254,162
williams,2008,0.979109242945424,-0.014724135306475242,0.3215610552014486,white,navy,319,556,644
mclaren,2020,0.9642510094759994,-0.4940381833628126,-0.34827405824953284,orange,darkorange,318,350,388
jordan,2000,0.9595931251998189,-0.6683783377085474,-0.6814118400309259,yellow,black,317,280,252
parnelli,1976,0.9572317324534105,-0.23654192161440507,0.012527688697559347,gray,black,316,449,544
renault,2007,0.9505010166766119,-0.40807628429612536,-0.3312111681724036,yellow,black,315,385,391
ligier,1977,0.948419844699014,-0.5858004908730693,-0.51541930332815,white,cyan,314,315,326
toyota,2003,0.9346957597782473,-0.4221345720296203,-0.2676860173134851,gray,black,313,382,407
honda,1965,0.9304651522504018,-0.6500257577187915,-0.8127553536652021,gray,black,312,284,202
jordan,2001,0.9287303767361976,-0.6867203897795789,-0.5242345626883148,yellow,black,311,270,324
maserati,1954,0.9152046968493119,-0.9436143408276455,-0.76198366459738,gray,black,310,169,219
lotus,1976,0.9066424679767442,-0.37427112786061617,-0.5103271716533416,gold,black,309,397,327
prost,1997,0.9056674886136509,-0.37987184405093205,-0.15243908805508188,gray,black,308,394,455
benetton,1992,0.9001533784469533,-1.105460900007237,-1.6508250775124453,green,blue,307,104,21
matra,1971,0.8985950871699444,-0.6838905708112063,-0.8324072468143695,gray,black,306,272,197
renault,2020,0.8880885324224556,-0.4365545965183268,-0.41824881544577386,yellow,black,305,379,361
williams,2016,0.8862747017130121,-0.4655485175544845,-0.3665906939056194,white,navy,304,370,384
ferrari,2014,0.8838096276693139,-0.5789419513865923,-0.5619784720271718,red,red,303,319,307
matra,1972,0.8792241171174721,-0.6040309339994178,-0.6009069828621916,gray,black,302,304,294
force-india,2016,0.873632962101603,-0.46930657062308706,-0.37431416699746534,green,orange,301,367,382
maserati,1955,0.8631418485090018,-0.8165498915248159,-0.803779556171399,gray,black,300,212,205
benetton,1998,0.8579575755352804,-0.7624732846387134,-0.6012472470550466,green,blue,299,236,293
lotus,1979,0.8560086404365346,-0.6408474929757672,-0.5457711488894588,gold,black,298,290,316
mclaren,1968,0.8530369428282738,-0.6492131827178159,-0.6618834555611448,orange,darkorange,297,285,266
toro-rosso,2008,0.8495178598621786,-0.2641840812656445,-0.08313869793339371,blue,maroon,296,437,492
mclaren,1996,0.8447820687069161,-0.6836376780042035,-0.6875095410375733,orange,darkorange,295,273,249
kojima,1976,0.8443187280939857,-0.31450620438295385,-0.4628858153270751,gray,black,294,418,344
mclaren,1969,0.8396371301117246,-0.6416497912555954,-0.7210073635784293,orange,darkorange,293,289,233
ferrari,1950,0.8247109077458026,-0.5133062890148586,-0.8387897906311504,red,red,292,342,196
ferrari,2005,0.815791433561611,-0.4993098457248369,-0.43550327898238933,red,red,291,349,357
williams,2006,0.8153980516520034,-0.4648640561368904,-0.17923154764223914,white,navy,290,371,444
brm,1973,0.8141350224130915,-0.5451326714322507,-0.5951389054205252,gray,black,289,329,297
brabham,1985,0.804653966952349,-0.7951973730038918,-0.7092465388364384,silver,darkslategray,288,221,234
toyota,2006,0.8035055422488802,-0.5119868625762387,-0.39685118084124427,gray,black,287,345,371
sauber,2012,0.7992167608424728,-0.51522934108173,-0.16594501495574712,white,red,286,340,451
tyrrell,1977,0.7964789542877593,-0.58571755095424,-0.637833652983302,white,cornflowerblue,285,316,276
mercedes,2022,0.7864907515430682,-0.7615205746280675,-0.6499932514704112,cyan,black,284,237,271
mclaren,2002,0.7788964092149184,-0.8018186799207526,-1.029165888408098,orange,darkorange,283,217,128
honda,1968,0.775337227105368,-0.6257027559767058,-0.4424079175061538,gray,black,282,294,354
aston-martin,2024,0.7710431296903514,-0.2849938380453141,-0.23298831162205827,darkgreen,darkolivegreen,281,429,421
bmw-sauber,2006,0.7616301254631521,-0.4701853673482694,-0.262077568089145,gray,black,280,366,410
force-india,2012,0.7483949136319118,-0.5381565243814971,-0.19245343364326417,green,orange,279,330,438
benetton,1987,0.7450731951995451,-0.9058684025471548,-0.7409937838081818,green,blue,278,178,226
lotus,1970,0.727833902277774,-0.6269950122800716,-0.9635582278237075,gold,black,277,293,145
brm,1959,0.7226893549999533,-0.6237468000053497,-0.632335087009308,gray,black,276,295,279
mclaren,2009,0.7140965628009437,-0.5183881389754459,-0.5590373862328537,orange,darkorange,275,338,311
ferrari,1981,0.7082473854516672,-0.891307982329705,-0.7288800752899915,red,red,274,182,229
brabham,1973,0.707031597052819,-0.6435794439415582,-0.6070416835289357,silver,darkslategray,273,287,290
shadow,1974,0.7047469867764977,-0.6054814895929778,-0.6530830092845119,gray,black,272,302,270
brabham,1976,0.7029019658653459,-0.4855380871742869,-0.35153759464923906,silver,darkslategray,271,357,386
alphatauri,2021,0.6941761247645508,-0.5752180167383536,-0.6385065529737854,white,midnightblue,270,320,275
williams,1998,0.6823748334050639,-0.8549070477851918,-0.7355229600529055,white,navy,269,192,227
mclaren,1978,0.6809106398000015,-0.7885849990291353,-0.653894152380706,orange,darkorange,268,226,268
ferrari,1967,0.6778082228602724,-0.7353784309650296,-0.6371241605995608,red,red,267,247,277
red-bull,2008,0.6673323180515102,-0.3574000695061381,-0.11198727287161808,darkblue,red,266,405,474
bmw-sauber,2009,0.6622535725301051,-0.17256198767049757,-0.10232212759861661,gray,black,265,491,479
mclaren,1986,0.6576680545920602,-1.0614389796029293,-0.9314171156126388,orange,darkorange,264,121,155
brm,1966,0.6561727606977107,-0.6976583785534747,-0.6170872905849701,gray,black,263,265,286
brabham,1965,0.6491836039972619,-0.8461997043637408,-0.750536286280329,silver,darkslategray,262,198,224
ferrari,1994,0.6488791627966712,-0.9609924321982882,-1.1946968323337641,red,red,261,166,72
red-bull,2015,0.6439750152434429,-0.4895536086602448,-0.5048971136197162,darkblue,red,260,354,331
wolf,1978,0.6430529914061076,-0.7910581480418843,-0.5495930680001301,gray,black,259,222,314
vanwall,1956,0.6415385866993608,-0.861956186739538,-0.6744907594765952,gray,black,258,190,255
red-bull,2017,0.6362293320261285,-0.9852329928209658,-0.8860861882792341,darkblue,red,257,152,178
ligier,1976,0.6360591681247068,-0.5138583898168045,-0.4584349901796994,white,cyan,256,341,347
mclaren,1985,0.6285926860106551,-0.8079514069943513,-0.9248595686317558,orange,darkorange,255,215,159
mclaren,2014,0.6144766600687359,-0.5478562217733296,-0.38302339516977263,orange,darkorange,254,328,376
williams,2005,0.6102114920811867,-0.4218214142926763,-0.32298375920210093,white,navy,253,383,395
williams,2012,0.6059388419172763,-0.5895980474235805,-0.3975954185312384,white,navy,252,314,370
renault,2009,0.6030690043062243,-0.31326312066654577,-0.12507113420758056,yellow,black,251,420,467
williams,1990,0.5956479706962274,-1.1984621065108196,-1.2037678493418447,white,navy,250,67,69
mclaren,2005,0.5945093731025544,-0.7897784232878545,-1.0758207719442605,orange,darkorange,249,225,110
ferrari,1995,0.5942291494344918,-0.9645689500177494,-0.7995367991548403,red,red,248,162,208
benetton,1996,0.5937521147656206,-0.8317398251540857,-0.8022594176985562,green,blue,247,209,206
renault,2008,0.5694948261123807,-0.46798960852797805,-0.23361725425901458,yellow,black,246,368,420
racing-point,2020,0.5643406009810127,-0.569749199071997,-0.5062763569921175,navy,pink,245,322,330
williams,2014,0.5611510949376299,-0.8179078175447744,-0.8201112134559675,white,navy,244,211,200
wolf,1977,0.5576633037408045,-0.7957247720764449,-0.6415887712094442,gray,black,243,220,273
jordan,1997,0.5535035118146192,-0.6373599177729452,-0.5087294259598193,yellow,black,242,292,328
bar,2005,0.5515882719475731,-0.5549070211414486,-0.6875974558490852,gray,black,241,326,248
aston-martin,2023,0.5456266168435828,-0.5226244716938292,-0.48192118168813564,darkgreen,darkolivegreen,240,336,339
brabham,1979,0.5446800588221994,-0.7495181501065066,-0.808851468535678,silver,darkslategray,239,243,204
red-bull,2018,0.5374043017464295,-1.0475991958693416,-1.1280681691594625,darkblue,red,238,128,95
stewart,1999,0.5369585488142036,-0.6933138301141345,-0.6715162064629683,gray,black,237,267,262
brabham,1969,0.5248754944665878,-0.7247789909078809,-0.6744907594765952,silver,darkslategray,236,252,257
benetton,1997,0.5227231792765077,-0.6526916749817364,-0.522755543779693,green,blue,235,283,325
brabham,1963,0.5063071016257754,-0.8892581506271646,-0.7787598623908515,silver,darkslategray,234,183,214
porsche,1961,0.5016021917702858,-0.6727179021828642,-0.4529668335700664,gray,black,233,278,349
hesketh,1974,0.49962807751651117,-0.6998963624663419,-0.6342226544332163,gray,black,232,263,278
brm,1964,0.49227776145905144,-0.9985088751850772,-1.1587405355110738,gray,black,231,148,83
lotus-f1,2013,0.48367377315014826,-0.7754401366537617,-0.7046538699488784,gold,black,230,231,237
ferrari,2021,0.48109338409351615,-0.6954471494953783,-0.5798548053757022,red,red,229,266,303
toyota,2008,0.4793668451343107,-0.6024265771292068,-0.4017812010470144,gray,black,228,305,367
parnelli,1974,0.47866761489587173,-0.619380031412818,-0.4998468640756871,gray,black,227,296,332
ferrari,2013,0.47353744616284243,-0.7757411837993808,-0.6790836984914167,red,red,226,230,253
williams,2015,0.4708032437567766,-0.5999940440472737,-0.7591498824987017,white,navy,225,306,221
williams,2010,0.46561582180352235,-0.5966692270766808,-0.37961008859798456,white,navy,224,309,380
lotus,1966,0.4653188219368426,-0.8306384026929362,-0.770846582258966,gold,black,223,210,217
ferrari,1954,0.46448149639140923,-1.0231750459288576,-0.9414766851027475,red,red,222,143,153
mercedes,2012,0.4557126412263445,-0.6765294543705214,-0.4662186855207041,cyan,black,221,275,342
jordan,1999,0.4510187992844742,-0.8463830775069137,-0.8599918654100243,yellow,black,220,197,188
mclaren,2004,0.44802274128157404,-0.6133823047996074,-0.48295709199787507,orange,darkorange,219,300,338
mclaren,2023,0.44223842285125653,-0.5936709957399089,-0.6831508229989731,orange,darkorange,218,312,250
mclaren,2021,0.4276984880836215,-0.7341403571113537,-0.6143095616018013,orange,darkorange,217,248,288
renault,1979,0.41032536261549346,-0.7523643060071934,-0.8021334330827238,yellow,black,216,241,207
brm,1960,0.4085181027976551,-0.8546016637565969,-0.8134057297906334,gray,black,215,193,201
mclaren,2003,0.4057960698240197,-0.6664445928021222,-0.8588236394521916,orange,darkorange,214,281,189
ferrari,2012,0.40517978592795323,-0.7142612739849438,-0.5499364236796681,red,red,213,257,313
renault,1984,0.40451111440506304,-0.9935069351388741,-0.9060681168737615,yellow,black,212,149,166
ferrari,1964,0.39850286371527766,-1.0271235294212562,-1.1311772112055398,red,red,211,140,91
bmw-sauber,2007,0.3936476344289134,-0.8570535506455843,-0.7422409473704497,gray,black,210,191,225
ferrari,1977,0.38129909486383606,-0.9293149420341481,-0.8954843188955478,red,red,209,173,172
williams,1989,0.3678137452191246,-1.0745944266573941,-1.3818282426189343,white,navy,208,115,48
mercedes,2010,0.3609322445897426,-0.6868120164790023,-0.5880433596032909,cyan,black,207,269,300
williams,2009,0.3463766636183972,-0.5238070753383548,-0.41988166483973477,white,navy,206,335,359
toyota,2009,0.3461317713886733,-0.5963540104577469,-0.7054515247377968,gray,black,205,311,236
osca,1952,0.3460500156431108,-0.5900936509743371,-0.32191604429564774,gray,black,204,313,396
eagle,1967,0.3414141494945002,-0.8410952327177689,-0.7038164446712297,gray,black,203,203,238
lotus-f1,2012,0.338967507284875,-0.7358523602210126,-0.5976964118550516,gold,black,202,246,295
ferrari,1965,0.33042611632176366,-0.9623011170810398,-0.881334592382751,red,red,201,164,181
ferrari,2011,0.33037714807782437,-0.9913629414754789,-0.8676093130767353,red,red,200,150,185
honda,2006,0.32686298509516687,-0.6713431828715889,-0.6400678123937793,gray,black,199,279,274
hesketh,1975,0.3260272195192824,-0.6164826709142986,-0.5510276457979914,gray,black,198,299,312
red-bull,2019,0.3240932264802881,-1.001956759108225,-1.0403067610864098,darkblue,red,197,147,123
renault,2003,0.32040827094926616,-0.7686911296775268,-0.6891200338948354,yellow,black,196,234,245
ferrari,2009,0.3059919741375688,-0.5974737591855008,-0.40354760636059844,red,red,195,307,366
bmw-sauber,2008,0.2920938511196016,-0.7744881266448441,-0.5914946386423976,gray,black,194,232,298
march,1975,0.2803571650262746,-0.6743107598259817,-0.6234378410153992,steelblue,gold,193,277,283
mclaren,2006,0.2710696471909083,-0.7304218584424098,-0.6785990886091529,orange,darkorange,192,250,254
mclaren,2001,0.26862117458628454,-1.0915007109682573,-0.8099131269880877,orange,darkorange,191,110,203
williams,1979,0.26845793991471845,-0.8470911025267754,-0.9267811962273828,white,navy,190,196,158
brabham,1974,0.2613555218724033,-0.8815845206927647,-0.7729040019625041,silver,darkslategray,189,186,216
matra,1968,0.2566438452458806,-0.79001440522145,-0.6979588657985901,gray,black,188,223,239
mercedes,2024,0.25621525144653534,-0.8359715291674515,-0.7229389383012452,cyan,black,187,205,230
shadow,1975,0.239430115185701,-0.76052715709422,-0.6729887121861382,gray,black,186,238,260
lotus,1984,0.2372137260464382,-1.100322804855858,-0.989715237827243,gold,black,185,107,135
brm,1971,0.23708055442608866,-0.9670460154947865,-0.915380316432522,gray,black,184,161,163
renault,2010,0.23337098190675543,-0.7021752775260046,-0.5345090617152046,yellow,black,183,260,322
ferrari,1957,0.23042656861147837,-0.9111216799938854,-0.7078387874570967,red,red,182,177,235
brm,1961,0.23014303263594882,-0.8111005997401771,-0.6645717777195864,gray,black,181,213,265
renault,2004,0.22231115399830115,-0.7003168575927649,-0.6050723469368532,yellow,black,180,262,291
march,1970,0.2202440560457647,-1.0542104148951448,-1.2182989343046,steelblue,gold,179,125,66
brabham,1981,0.21217537499731953,-1.129088761500445,-0.9424756346872804,silver,darkslategray,178,96,152
mercedes,2023,0.20893385560264405,-0.8406119963574614,-0.721291381797652,cyan,black,177,204,232
mclaren,1987,0.20720024807781123,-1.0748201270471385,-0.9226450315487236,orange,darkorange,176,114,160
lotus,1972,0.2046642438409263,-1.0080096953382345,-0.9303752154786418,gold,black,175,145,156
cooper,1966,0.18658687047325262,-0.8781550853916726,-0.660139892253689,gray,black,174,187,267
brabham,1977,0.17877351788919793,-1.0416384207272644,-1.1434957476288896,silver,darkslategray,173,130,87
cooper,1961,0.1756948233770601,-0.8543143891062632,-0.5457243417583362,gray,black,172,194,317
tyrrell,1974,0.1738636419218178,-0.7835515569322833,-0.8864367574401099,white,cornflowerblue,171,228,177
mclaren,1975,0.17175205140412597,-0.7655485866230612,-0.5960981961270355,orange,darkorange,170,235,296
lotus,1974,0.16947007247373713,-0.842323533310603,-0.8680945885856179,gold,black,169,202,184
march,1976,0.16043448579532427,-0.754334275209786,-0.759608560754022,steelblue,gold,168,240,220
ferrari,2024,0.1511822643364965,-1.037275578144817,-0.901969826482089,red,red,167,136,169
honda,1966,0.14434730531048046,-0.7582654174738405,-0.4562731608224026,gray,black,166,239,348
mclaren,1997,0.14229668432822173,-0.9160420643712817,-0.8297306961815258,orange,darkorange,165,175,198
ferrari,1982,0.12127812593359,-1.2583575229447175,-1.099705745032641,red,red,164,57,101
tyrrell,1975,0.10305811286238797,-0.7899330876758348,-0.6891536020739124,white,cornflowerblue,163,224,244
williams,2004,0.07965301144094916,-0.7440548685950101,-0.6915495584050826,white,navy,162,245,243
ferrari,1987,0.07033347760544228,-1.1192243732233156,-0.8938555335873096,red,red,161,98,173
tyrrell,1973,0.05988527266435262,-0.9792726547798997,-1.0791852151625523,white,cornflowerblue,160,153,109
ferrari,1978,0.032772334670615466,-1.1803551754295183,-0.9938027697521041,red,red,159,76,134
brabham,1980,0.025607194395531385,-1.043256692505355,-1.1932350660612467,silver,darkslategray,158,129,74
ferrari,2016,0.024053749114691048,-1.0703710919748566,-0.9051137405751412,red,red,157,117,167
benetton,1993,0.02296608556431412,-1.188219408059403,-1.468937463854296,green,blue,156,72,40
brm,1963,0.018155246709134487,-0.970984183741846,-0.9558291511299344,gray,black,155,158,149
mclaren,1972,0.006312157171506572,-1.0808103798486506,-1.202238651281697,orange,darkorange,154,112,70
renault,1980,0.0026800458876694577,-1.1555944543500605,-1.0555059099394042,yellow,black,153,87,117
brabham,1983,0.0021930971579255942,-1.2724210528240265,-1.522550474391834,silver,darkslategray,152,50,31
ferrari,2010,0.002043771925947846,-0.8441359021323608,-0.8409953052348809,red,red,151,201,195
ferrari,1958,0.0,-0.8043128585751248,-0.7218710947060473,red,red,84,216,231
lotus,1961,0.0,-0.8953312775551269,-0.6744907594765952,gold,black,87,181,256
brm,1962,0.0,-0.8749174778367961,-1.0866795569345145,gray,black,88,188,106
talbot-lago,1950,0.0,-0.6614089964080173,-0.5335394853808452,gray,black,76,282,323
ferrari,2018,0.0,-1.4609712557958359,-1.4821162963139303,red,red,144,26,38
vanwall,1957,0.0,-1.005162858961496,-0.7916946767545805,gray,black,83,146,209
ferrari,2019,0.0,-1.2530694162561975,-1.4868419613462107,red,red,145,58,37
cooper,1960,0.0,-1.041291298930082,-1.1902778108410503,gray,black,86,131,75
ferrari,2023,0.0,-1.0588191818250807,-0.9727115899766638,red,red,149,123,142
brabham,1967,0.0,-1.0524034594172216,-0.8461353613505674,silver,darkslategray,93,127,192
maserati,1953,0.0,-1.1928834574314533,-1.2359178435665688,gray,black,79,69,62
mercedes,2013,0.0,-1.0632576184670108,-1.036389503431938,cyan,black,139,119,124
ferrari,1951,0.0,-1.294279513887849,-1.0574643262980516,red,red,77,46,115
ferrari,2017,0.0,-1.3957340472174915,-1.229621738329542,red,red,143,35,64
ferrari,1963,0.0,-0.9429244493305958,-0.7798799406448131,red,red,89,170,213
ferrari,2022,0.0,-1.4543932693897155,-1.5651296282100247,red,red,148,28,27
mclaren,2024,0.0,-1.1384276935104718,-0.9863418413496257,orange,darkorange,150,93,137
gordini,1952,0.0,-0.8346033098871581,-0.8431134493457441,gray,black,78,207,193
brabham,1964,0.0,-1.1451510836660392,-1.2843428211700165,silver,darkslategray,90,91,54
mercedes,1954,0.0,-1.0379986851413243,-1.0317046156467655,cyan,black,80,135,127
red-bull,2016,0.0,-1.055510101333504,-0.9281332929772477,darkblue,red,142,124,157
ferrari,1959,0.0,-0.8858390252234971,-0.7869058860560277,red,red,85,185,210
maserati,1956,0.0,-0.9381640421510244,-0.666024348269776,gray,black,82,171,264
brm,1965,0.0,-1.155010468526366,-1.0710663449095934,gray,black,91,88,111
red-bull,2014,0.0,-0.9058502631359061,-0.7852833996930256,darkblue,red,140,179,211
red-bull,2021,0.0,-1.1464585489579129,-1.1509801449167556,darkblue,red,147,89,84
ferrari,2015,0.0,-0.8457985208462515,-0.9692657155843356,red,red,141,199,144
lancia,1955,0.0,-1.0261756109688362,-1.035699238297656,gray,black,81,141,125
brabham,1966,0.0,-0.9366197470831135,-0.8551579271935403,silver,darkslategray,92,172,191
red-bull,2020,0.0,-1.1053481854033849,-1.196479055884886,darkblue,red,146,105,71
mclaren,1992,0.0,-1.5416649929177872,-2.2660433990623288,orange,darkorange,118,17,5
mclaren,1977,0.0,-1.1604960753441882,-1.1880234968053665,orange,darkorange,103,86,76
tyrrell,1972,0.0,-1.1010321144957256,-1.2241484423446347,white,cornflowerblue,98,106,65
ferrari,2007,0.0,-1.194631311948787,-1.1751662340961748,red,red,133,68,78
renault,2006,0.0,-0.8676322696056801,-0.8586611353337733,yellow,black,132,189,190
ferrari,1990,0.0,-1.4733678196560271,-1.4919505914021345,red,red,116,25,35
mclaren,1973,0.0,-1.032392708459413,-1.2140833670578715,orange,darkorange,99,138,67
brabham,1982,0.0,-1.317943187265082,-1.3022460599988668,silver,darkslategray,108,43,50
williams,1981,0.0,-1.2402093251475825,-1.0835927321170744,white,navy,107,60,107
toyota,2005,0.0,-0.7715347622359122,-0.6489330662136171,gray,black,131,233,272
ferrari,1997,0.0,-1.0331935985548892,-0.9619837862749759,red,red,123,137,146
ligier,1980,0.0,-0.9865029199411524,-1.1508212707856273,white,cyan,106,151,85
mclaren,1974,0.0,-0.9611972095994399,-0.9429447930991207,orange,darkorange,100,165,151
ferrari,1998,0.0,-1.2608366993270497,-1.0555103053072719,red,red,124,54,116
bar,2004,0.0,-0.7845010676992907,-0.6955706351718967,gray,black,130,227,240
williams,2003,0.0,-0.8889813433876743,-1.1219291063154295,white,navy,129,184,98
brabham,1975,0.0,-0.8995751294829887,-0.862770527460498,silver,darkslategray,101,180,187
ligier,1979,0.0,-1.027839718978702,-1.0468096587076758,white,cyan,105,139,120
ferrari,1999,0.0,-1.1798722029504545,-1.2334199685284,red,red,125,77,63
brabham,1978,0.0,-1.1763416114968033,-0.8649993473951387,silver,darkslategray,104,79,186
williams,2002,0.0,-1.3112078909240763,-1.5512476781952704,white,navy,128,44,28
williams,1991,0.0,-1.7261325040375382,-2.037558694782491,white,navy,117,7,7
williams,2001,0.0,-1.21685961178009,-0.9074212238652613,white,navy,127,65,164
ferrari,2000,0.0,-1.511185270607527,-1.9163866451722003,red,red,126,21,12
tyrrell,1976,0.0,-0.8359398434847786,-0.8788880699419765,white,cornflowerblue,102,206,183
ferrari,1996,0.0,-1.1344593005518497,-1.1263239610175917,red,red,122,94,96
williams,1986,0.0,-1.2616023998676251,-1.2774489935478335,white,navy,112,53,56
lotus,1969,0.0,-0.949722077563747,-0.9073506645339913,gold,black,95,168,165
ferrari,1989,0.0,-1.2497383545227934,-1.6874202568288301,red,red,115,59,19
mclaren,2011,0.0,-1.1163659437553113,-1.0077568426988068,orange,darkorange,137,99,132
mclaren,1993,0.0,-1.1911873307694758,-1.286051964109769,orange,darkorange,119,70,53
ferrari,1970,0.0,-1.131540859591561,-1.5976999865101849,red,red,96,95,24
lotus,1987,0.0,-1.122281147817923,-0.8935831863662846,gold,black,113,97,174
renault,1983,0.0,-1.2712783465523687,-1.5437447597877,yellow,black,109,51,29
ferrari,1971,0.0,-1.060180888530364,-1.1466342911102119,red,red,97,122,86
red-bull,2012,0.0,-0.9142399968918917,-0.8889565885362523,darkblue,red,138,176,176
ferrari,1988,0.0,-1.4258435521973387,-1.6395414410933271,red,red,114,32,23
mclaren,2010,0.0,-0.8345848972201884,-0.9013649240278135,orange,darkorange,136,208,171
williams,1985,0.0,-0.9639822174641294,-1.1410435726393375,white,navy,111,163,88
williams,1994,0.0,-1.1691074237510906,-1.6764445251706976,white,navy,120,82,20
lotus,1968,0.0,-0.9734814457296963,-0.9744121356962516,gold,black,94,155,139
brawn,2009,0.0,-0.9717207587042064,-0.8838154779348489,gray,black,135,156,179
benetton,1995,0.0,-1.138556054133739,-1.0702975535146078,green,blue,121,92,112
brabham,1984,0.0,-1.1128352097616796,-1.095832846808018,silver,darkslategray,110,102,104
mclaren,2008,0.0,-1.091098439119889,-0.9743296389303497,orange,darkorange,134,111,140
benetton,1994,-0.0033567554339684613,-1.1670519079552062,-1.6986024413740235,green,blue,75,84,17
ferrari,1979,-0.008658703967247217,-1.0539791540750099,-1.0099032838902282,red,red,74,126,130
ferrari,2008,-0.017804058438571108,-1.114210612199856,-1.0091578432050152,red,red,73,100,131
red-bull,2022,-0.03368603054820549,-1.456166968755982,-1.5430848206767287,darkblue,red,72,27,30
lotus,1964,-0.038760972261272175,-1.1866001554462131,-1.3014502909363832,gold,black,71,73,51
matra,1969,-0.061900108013539734,-0.9716024196654417,-1.011736139214893,gray,black,70,157,129
lotus,1960,-0.06429921825180374,-1.0239764277819394,-0.8813569080406329,gold,black,69,142,180
renault,1981,-0.0679865697752321,-1.2340041609035233,-1.172576243397773,yellow,black,68,62,81
mercedes,2018,-0.09387343459930239,-1.5204216780092785,-1.4679456828373574,cyan,black,67,19,41
red-bull,2009,-0.10540149474430058,-1.1626453572883637,-1.0631619996886301,darkblue,red,66,85,114
mclaren,2000,-0.10777543335536785,-1.5977615917868044,-1.9831055844458763,orange,darkorange,65,14,8
mclaren,1984,-0.11032173348223706,-1.1776117272187823,-1.040653778039206,orange,darkorange,64,78,122
lotus,1962,-0.11782148013016763,-0.9205657200428933,-1.0791852151625523,gold,black,63,174,108
mclaren,2012,-0.13190469704201166,-0.9694501512778831,-1.0324559197404461,orange,darkorange,62,159,126
lotus,1965,-0.13340033114833538,-1.1752691156241362,-1.1349960191819881,gold,black,61,80,90
lancia,1954,-0.14158413519196558,-1.6131716546433719,-1.490979573579842,gray,black,60,12,36
red-bull,2024,-0.14177732396327541,-1.3590120836613977,-1.278033497590184,darkblue,red,59,39,55
mercedes,2019,-0.14916112595798114,-1.3646882714886532,-1.6920666455267832,cyan,black,58,38,18
red-bull,2013,-0.1690368881411313,-1.1849463173183477,-1.125876306099892,darkblue,red,57,75,97
lotus,1986,-0.17027838225001407,-1.3212573866881665,-1.413830814444293,gold,black,56,41,45
ferrari,1972,-0.17329151136812648,-1.1860428674293544,-1.3982827580561292,red,red,55,74,46
mercedes,2021,-0.1733180970248605,-1.264679585222395,-1.129671738607509,cyan,black,54,52,93
ferrari,2006,-0.18738301057368112,-1.0617619157079459,-1.0891813364695422,red,red,53,120,105
tyrrell,1970,-0.19542753673377072,-1.4013902413706594,-1.7121688509790494,white,cornflowerblue,52,33,16
lotus,1977,-0.19981220472765243,-1.2743314727221935,-1.1309643037688364,gold,black,51,49,92
ferrari,2003,-0.20487347454409277,-1.0389177866270192,-1.0471748913014445,red,red,50,133,119
mclaren,2007,-0.21171700919873368,-1.352705999341626,-1.3217158222480399,orange,darkorange,49,40,49
williams,1995,-0.22376953508721242,-1.2197348113419695,-1.2084895558694988,white,navy,48,64,68
williams,1980,-0.2329029949270649,-1.1461513101197025,-1.296162769250588,white,navy,47,90,52
mercedes,2017,-0.2524873067324091,-1.536421299795958,-1.3945780416538995,cyan,black,46,18,47
lotus,1985,-0.2551783034693287,-1.0410033056957881,-1.1627328246012765,gold,black,45,132,82
mclaren,1991,-0.260120314548542,-1.839143731722834,-2.450983223614993,orange,darkorange,44,6,4
red-bull,2023,-0.28144327740028413,-1.230690237957331,-1.0644674912486223,darkblue,red,43,63,113
ferrari,2002,-0.28319752729100767,-1.5057019618272398,-1.9177916986039596,red,red,42,22,11
ferrari,2001,-0.3143460295114789,-1.4291279905666445,-1.1934184451559118,red,red,41,30,73
ferrari,1976,-0.3279995027054624,-1.01409778112496,-1.0520589563575153,red,red,40,144,118
tyrrell,1971,-0.38516838079845517,-1.1681344340282789,-1.5127864176832209,white,cornflowerblue,39,83,32
ferrari,1953,-0.3922832135106074,-1.2810223786487305,-1.1732280188159432,red,red,38,48,79
mercedes,2020,-0.4045064803238885,-1.6796918262786789,-1.9018990967318656,cyan,black,37,9,13
mercedes,1955,-0.4216439105603412,-1.1140803345154275,-0.9864878220152342,cyan,black,36,101,136
vanwall,1958,-0.4837826422346506,-0.9790672039545463,-0.9180568670653657,gray,black,35,154,161
red-bull,2011,-0.4890674472456629,-1.3074045741110853,-1.2446579696082671,darkblue,red,34,45,61
lotus,1963,-0.49137175744991285,-1.0966981158425049,-1.0408618765559277,gold,black,33,109,121
renault,2005,-0.49173657975527546,-1.0381128862378268,-0.9594591747566252,yellow,black,32,134,147
ferrari,1966,-0.5165048083148096,-1.0759005254644403,-0.9024436550404445,red,red,31,113,168
ferrari,1975,-0.5456564681457108,-1.0737823522738033,-1.1158354128885464,red,red,30,116,99
mclaren,1999,-0.5533355708624297,-1.5949054841215144,-1.8017775661226443,orange,darkorange,29,15,15
mclaren,1998,-0.6034325966867842,-1.6284899671910495,-1.4312600561523978,orange,darkorange,28,11,42
alfa-romeo,1951,-0.6036149451552113,-1.3875617814816796,-0.972340337473962,white,red,27,36,143
williams,1996,-0.6240482560450982,-1.4533766677229902,-1.4930326090451271,white,navy,26,29,34
ferrari,2004,-0.6241918101261996,-1.0989063055597428,-1.2518714219932452,red,red,25,108,59
williams,1997,-0.6475644476470728,-1.4277074829058198,-1.4295337593365418,white,navy,24,31,43
mclaren,1990,-0.6818968341673535,-1.8420914462238815,-1.9467034815663857,orange,darkorange,23,5,10
ferrari,1983,-0.6908348847601851,-1.5768082095970721,-1.9729756440304684,red,red,22,16,9
lotus,1973,-0.7003999807802164,-1.3980074184098679,-1.4795281175615638,gold,black,21,34,39
ferrari,1974,-0.7160745065046291,-1.3185394601477434,-1.261297720221233,red,red,20,42,57
mercedes,2015,-0.7373029880182763,-1.2375583991362165,-1.576945294804165,cyan,black,19,61,26
red-bull,2010,-0.741682628041435,-1.1069093153065925,-1.1358241683285328,darkblue,red,18,103,89
renault,1982,-0.7487577532281666,-1.6489588243810298,-1.882669323165937,yellow,black,17,10,14
lotus,1978,-0.762992554889851,-1.6104633632950767,-1.2543087869453386,gold,black,16,13,58
mercedes,2016,-0.8433582027500846,-1.7082686812986836,-1.6410290642935719,cyan,black,15,8,22
mercedes,2014,-0.9043914165306745,-1.4780403948805638,-1.5904896225603593,cyan,black,14,24,25
lotus,1967,-0.9152664044846897,-1.2869758450906108,-1.17290963394926,gold,black,13,47,80
ferrari,1968,-0.9792341076324136,-1.0669448102924832,-0.8807044948579746,red,red,12,118,182
maserati,1957,-1.0460107010404571,-1.1885385547465106,-1.0991701265544513,gray,black,11,71,102
cooper,1959,-1.0958403541749198,-1.1727869025576618,-1.0973445817638452,gray,black,10,81,103
ferrari,1961,-1.3343506017554503,-1.2586911714113285,-1.1094884231970081,red,red,9,55,100
williams,1987,-1.3398952379287192,-1.4780632202236463,-1.1791393464026445,white,navy,8,23,77
mclaren,1989,-1.4403290785903853,-2.012961580137151,-2.6713307727001903,orange,darkorange,7,4,2
mclaren,1988,-1.4869003011366875,-2.1314905716863706,-2.2100770411179007,orange,darkorange,6,2,6
williams,1992,-1.528464846399214,-2.211156736219731,-3.2267210436190163,white,navy,5,1,1
ferrari,1956,-1.5905516821629915,-1.2020935925964942,-0.9742644303550819,red,red,4,66,141
williams,1993,-1.802552330444946,-2.104698984366477,-2.5994272263182987,white,navy,3,3,3
ferrari,1952,-3.552120230975823,-1.5136146260904701,-1.4185718354071248,red,red,2,20,44
alfa-romeo,1950,-4.842869904498815,-1.375696462381324,-1.2506005632834223,white,red,1,37,60
